BatchId,OrderNo,DocDate,CustomerId,CustomerName,Address1,Address2,City,ST,Zip,Phone,Comment,FCID,FCPhone,ItemNo,ItemDesc,UOM,UOMQty,LineSeq,OrderQty,Unit/Each,PickQty
LANTER 121720,A376113,12/16/2020,PUB1485,Publix 1485 AFC Clear,2186 Cherry Road,,Rock Hill,SC,29732,--,thank you!,BB-505,704-421-5693,2211,MSC Albacore 22,CS,1,1,1,Unit,1
LANTER 121720,A376113,12/16/2020,PUB1485,Publix 1485 AFC Clear,2186 Cherry Road,,Rock Hill,SC,29732,--,thank you!,BB-505,704-421-5693,2237,ASC Atlantic Salmon,CS22,22,2,3,Unit,3
LANTER 121720,A376113,12/16/2020,PUB1485,Publix 1485 AFC Clear,2186 Cherry Road,,Rock Hill,SC,29732,--,thank you!,BB-505,704-421-5693,2244,Salmon Grilled  Coho Roast Fzn  22/CS,CS,1,60,2,Unit,2
LANTER 121720,A376113,12/16/2020,PUB1485,Publix 1485 AFC Clear,2186 Cherry Road,,Rock Hill,SC,29732,--,thank you!,BB-505,704-421-5693,2406,Shrimp Tray Vannamei 20tray/CS,CS20,20,3,1,Unit,1
LANTER 121720,A376113,12/16/2020,PUB1485,Publix 1485 AFC Clear,2186 Cherry Road,,Rock Hill,SC,29732,--,thank you!,BB-505,704-421-5693,2418,Tempura Shrimp 10Pc 15tray/CS,CS15,15,4,3,Unit,3
LANTER 121720,A376113,12/16/2020,PUB1485,Publix 1485 AFC Clear,2186 Cherry Road,,Rock Hill,SC,29732,--,thank you!,BB-505,704-421-5693,2436,Baby Shrimp 5 lbs 4bag/CS,CS4,4,5,1,Unit,1
LANTER 121720,A376113,12/16/2020,PUB1485,Publix 1485 AFC Clear,2186 Cherry Road,,Rock Hill,SC,29732,--,thank you!,BB-505,704-421-5693,2440,Crab Stick Imi  H.G. CS16,CS16,16,6,6,Unit,6
LANTER 121720,A376113,12/16/2020,PUB1485,Publix 1485 AFC Clear,2186 Cherry Road,,Rock Hill,SC,29732,--,thank you!,BB-505,704-421-5693,2442,AFC Crab Shredded CS16,CS16,16,7,2,Unit,2
LANTER 121720,A376113,12/16/2020,PUB1485,Publix 1485 AFC Clear,2186 Cherry Road,,Rock Hill,SC,29732,--,thank you!,BB-505,704-421-5693,2821,Pork Shumai 108pc/CS,CS,1,8,2,Unit,2
LANTER 121720,A376113,12/16/2020,PUB1485,Publix 1485 AFC Clear,2186 Cherry Road,,Rock Hill,SC,29732,--,thank you!,BB-505,704-421-5693,2831,Crispy Chicken (Karaage) 30#/CS,CS,1,9,1,Unit,1
LANTER 121720,A376113,12/16/2020,PUB1485,Publix 1485 AFC Clear,2186 Cherry Road,,Rock Hill,SC,29732,--,thank you!,BB-505,704-421-5693,2837,Chicken Skewers (Yakitori) 20bags/cs,CS,1,75,1,Unit,1
LANTER 121720,A376113,12/16/2020,PUB1485,Publix 1485 AFC Clear,2186 Cherry Road,,Rock Hill,SC,29732,--,thank you!,BB-505,704-421-5693,3210,Ginger B 20LB,EACH,1,10,5,Unit,5
LANTER 121720,A376113,12/16/2020,PUB1485,Publix 1485 AFC Clear,2186 Cherry Road,,Rock Hill,SC,29732,--,thank you!,BB-505,704-421-5693,6304,Warm Up Microwave Sticker,ROLL,1,80,1,,1
LANTER 121720,A376113,12/16/2020,PUB1485,Publix 1485 AFC Clear,2186 Cherry Road,,Rock Hill,SC,29732,--,thank you!,BB-505,704-421-5693,3245,PREMIUM RICE 40 lbs,BAG,1,14,17,Unit,17
LANTER 121720,A376113,12/16/2020,PUB1485,Publix 1485 AFC Clear,2186 Cherry Road,,Rock Hill,SC,29732,--,thank you!,BB-505,704-421-5693,3246,AFC Brown Rice  40#,BAG,1,15,2,Unit,2
LANTER 121720,A376113,12/16/2020,PUB1485,Publix 1485 AFC Clear,2186 Cherry Road,,Rock Hill,SC,29732,--,thank you!,BB-505,704-421-5693,3256,Vinegar  H-100 Natural 5.28gal,CS,1,16,5,Unit,5
LANTER 121720,A376113,12/16/2020,PUB1485,Publix 1485 AFC Clear,2186 Cherry Road,,Rock Hill,SC,29732,--,thank you!,BB-505,704-421-5693,3220,Seaweed Nori 200 1/2SH,CS40,40,12,1,Unit,1
LANTER 121720,A376113,12/16/2020,PUB1485,Publix 1485 AFC Clear,2186 Cherry Road,,Rock Hill,SC,29732,--,thank you!,BB-505,704-421-5693,3235,Soy Sauce L/S 1000 pc,CS,1,13,5,Unit,5
LANTER 121720,A376113,12/16/2020,PUB1485,Publix 1485 AFC Clear,2186 Cherry Road,,Rock Hill,SC,29732,--,thank you!,BB-505,704-421-5693,3280,Tapioca (Spring Roll Wrap) Paper 50pc,EACH,1,19,5,Unit,5
LANTER 121720,A376113,12/16/2020,PUB1485,Publix 1485 AFC Clear,2186 Cherry Road,,Rock Hill,SC,29732,--,thank you!,BB-505,704-421-5693,3290,Fried Onions 10/1kg,CS10,10,20,4,Unit,4
LANTER 121720,A376113,12/16/2020,PUB1485,Publix 1485 AFC Clear,2186 Cherry Road,,Rock Hill,SC,29732,--,thank you!,BB-505,704-421-5693,3406,Kik Ponzu Sauce 500pc,CS,1,21,1,Unit,1
LANTER 121720,A376113,12/16/2020,PUB1485,Publix 1485 AFC Clear,2186 Cherry Road,,Rock Hill,SC,29732,--,thank you!,BB-505,704-421-5693,3418,Sweet  Chili SA 200,CS,1,22,2,Unit,2
LANTER 121720,A376113,12/16/2020,PUB1485,Publix 1485 AFC Clear,2186 Cherry Road,,Rock Hill,SC,29732,--,thank you!,BB-505,704-421-5693,3443,**Classic Teriyaki Sauce 12 bag/1kg,CS12,12,24,4,Unit,4
LANTER 121720,A376113,12/16/2020,PUB1485,Publix 1485 AFC Clear,2186 Cherry Road,,Rock Hill,SC,29732,--,thank you!,BB-505,704-421-5693,3640,Green Tea  24 Can,CS,1,28,1,Unit,1
LANTER 121720,A376113,12/16/2020,PUB1485,Publix 1485 AFC Clear,2186 Cherry Road,,Rock Hill,SC,29732,--,thank you!,BB-505,704-421-5693,3655,Tofu Miso Soup 24/CS,CS,1,29,1,Unit,1
LANTER 121720,A376113,12/16/2020,PUB1485,Publix 1485 AFC Clear,2186 Cherry Road,,Rock Hill,SC,29732,--,thank you!,BB-505,704-421-5693,3660,Veg. Miso Soup 24/CS,CS,1,30,1,Unit,1
LANTER 121720,A376113,12/16/2020,PUB1485,Publix 1485 AFC Clear,2186 Cherry Road,,Rock Hill,SC,29732,--,thank you!,BB-505,704-421-5693,5199,AFC-40 Lid Pack,PK,1,36,5,Each,5
LANTER 121720,A376113,12/16/2020,PUB1485,Publix 1485 AFC Clear,2186 Cherry Road,,Rock Hill,SC,29732,--,thank you!,BB-505,704-421-5693,5196,AFC-40 Clear Body,PK,1,35,5,Each,5
LANTER 121720,A376113,12/16/2020,PUB1485,Publix 1485 AFC Clear,2186 Cherry Road,,Rock Hill,SC,29732,--,thank you!,BB-505,704-421-5693,5190,AFC-30 Lid Pack,CS16,16,34,3,Each,48
LANTER 121720,A376113,12/16/2020,PUB1485,Publix 1485 AFC Clear,2186 Cherry Road,,Rock Hill,SC,29732,--,thank you!,BB-505,704-421-5693,5186,AFC-30 Clear Body,CS16,16,33,3,Each,48
LANTER 121720,A376113,12/16/2020,PUB1485,Publix 1485 AFC Clear,2186 Cherry Road,,Rock Hill,SC,29732,--,thank you!,BB-505,704-421-5693,5180,AFC-20 Lid  Pack,CS16,16,32,1,Each,16
LANTER 121720,A376113,12/16/2020,PUB1485,Publix 1485 AFC Clear,2186 Cherry Road,,Rock Hill,SC,29732,--,thank you!,BB-505,704-421-5693,5176,AFC-20 Clear Body,CS16,16,31,1,Each,16
LANTER 121720,A376113,12/16/2020,PUB1485,Publix 1485 AFC Clear,2186 Cherry Road,,Rock Hill,SC,29732,--,thank you!,BB-505,704-421-5693,3215,Wasabi 2.2lb,CS16,16,11,1,Each,16
LANTER 121720,A376113,12/16/2020,PUB1485,Publix 1485 AFC Clear,2186 Cherry Road,,Rock Hill,SC,29732,--,thank you!,BB-505,704-421-5693,3265,Sesame Seeds 5LB,BAG,1,17,2,Each,2
LANTER 121720,A376113,12/16/2020,PUB1485,Publix 1485 AFC Clear,2186 Cherry Road,,Rock Hill,SC,29732,--,thank you!,BB-505,704-421-5693,3270,Sesame Seed Blk 8oz,BOT,1,18,5,Each,5
LANTER 121720,A376113,12/16/2020,PUB1485,Publix 1485 AFC Clear,2186 Cherry Road,,Rock Hill,SC,29732,--,thank you!,BB-505,704-421-5693,3427,Sriracha L 28oz,CS12,12,23,1,Each,12
LANTER 121720,A376113,12/16/2020,PUB1485,Publix 1485 AFC Clear,2186 Cherry Road,,Rock Hill,SC,29732,--,thank you!,BB-505,704-421-5693,3491,Premium AFC Poke Sauce 8/720g,CS,1,25,1,Unit,1
LANTER 121720,A376113,12/16/2020,PUB1485,Publix 1485 AFC Clear,2186 Cherry Road,,Rock Hill,SC,29732,--,thank you!,BB-505,704-421-5693,3605,Sushi Gari BOT,CS12,12,26,1,Unit,1
LANTER 121720,A376113,12/16/2020,PUB1485,Publix 1485 AFC Clear,2186 Cherry Road,,Rock Hill,SC,29732,--,thank you!,BB-505,704-421-5693,3610,R Sesame 4oz,CS12,12,27,1,Unit,1
LANTER 121720,A376113,12/16/2020,PUB1485,Publix 1485 AFC Clear,2186 Cherry Road,,Rock Hill,SC,29732,--,thank you!,BB-505,704-421-5693,5412,AFC-18 White Body,PK,1,37,12,Each,12
LANTER 121720,A376113,12/16/2020,PUB1485,Publix 1485 AFC Clear,2186 Cherry Road,,Rock Hill,SC,29732,--,thank you!,BB-505,704-421-5693,5416,AFC-18 Lid  50 pcs,PK,1,38,12,Each,12
LANTER 121720,A376113,12/16/2020,PUB1485,Publix 1485 AFC Clear,2186 Cherry Road,,Rock Hill,SC,29732,--,thank you!,BB-505,704-421-5693,5823,COP-R15 Body PK 50pc,PK,1,39,8,,8
LANTER 121720,A376113,12/16/2020,PUB1485,Publix 1485 AFC Clear,2186 Cherry Road,,Rock Hill,SC,29732,--,thank you!,BB-505,704-421-5693,5824,COP-R15 Lid PK 50pc,PK,1,40,8,,8
LANTER 121720,A376113,12/16/2020,PUB1485,Publix 1485 AFC Clear,2186 Cherry Road,,Rock Hill,SC,29732,--,thank you!,BB-505,704-421-5693,5827,COP-18 Poke Bowl  Body Pk,PK,1,41,6,Each,6
LANTER 121720,A376113,12/16/2020,PUB1485,Publix 1485 AFC Clear,2186 Cherry Road,,Rock Hill,SC,29732,--,thank you!,BB-505,704-421-5693,5829,COP-18 Poke Bowl  Lid  Pk,PK,1,42,6,Each,6
LANTER 121720,A376113,12/16/2020,PUB1485,Publix 1485 AFC Clear,2186 Cherry Road,,Rock Hill,SC,29732,--,thank you!,BB-505,704-421-5693,6110,Baran Box 1000 pcs,PK,1,43,5,Each,5
LANTER 121720,A376113,12/16/2020,PUB1485,Publix 1485 AFC Clear,2186 Cherry Road,,Rock Hill,SC,29732,--,thank you!,BB-505,704-421-5693,6120,Chopstick 100PR,PK,1,44,20,Each,20
LANTER 121720,A376113,12/16/2020,PUB1485,Publix 1485 AFC Clear,2186 Cherry Road,,Rock Hill,SC,29732,--,thank you!,BB-505,704-421-5693,6609,"New" Sticker Yellow,ROLL,1,45,3,Each,3
LANTER 121720,A376118,12/16/2020,HT-347,Harris Teeter 347,2639 Lawndale Dr.,,Greensboro,NC,27408,336-545-1354,No comment,BB-373,336-804-9918,2204,Tuna-A   (22),CS22,22,1,1,Unit,1
LANTER 121720,A376118,12/16/2020,HT-347,Harris Teeter 347,2639 Lawndale Dr.,,Greensboro,NC,27408,336-545-1354,No comment,BB-373,336-804-9918,2209,Tuna C-Tatakimi 22lbs,CS22,22,2,2,Unit,2
LANTER 121720,A376118,12/16/2020,HT-347,Harris Teeter 347,2639 Lawndale Dr.,,Greensboro,NC,27408,336-545-1354,No comment,BB-373,336-804-9918,2237,ASC Atlantic Salmon,CS22,22,3,3,Unit,3
LANTER 121720,A376118,12/16/2020,HT-347,Harris Teeter 347,2639 Lawndale Dr.,,Greensboro,NC,27408,336-545-1354,No comment,BB-373,336-804-9918,2406,Shrimp Tray Vannamei 20tray/CS,CS20,20,4,1,Unit,1
LANTER 121720,A376118,12/16/2020,HT-347,Harris Teeter 347,2639 Lawndale Dr.,,Greensboro,NC,27408,336-545-1354,No comment,BB-373,336-804-9918,2436,Baby Shrimp 5 lbs 4bag/CS,CS4,4,5,2,Unit,2
LANTER 121720,A376118,12/16/2020,HT-347,Harris Teeter 347,2639 Lawndale Dr.,,Greensboro,NC,27408,336-545-1354,No comment,BB-373,336-804-9918,2440,Crab Stick Imi  H.G. CS16,CS16,16,6,3,Unit,3
LANTER 121720,A376118,12/16/2020,HT-347,Harris Teeter 347,2639 Lawndale Dr.,,Greensboro,NC,27408,336-545-1354,No comment,BB-373,336-804-9918,2442,AFC Crab Shredded CS16,CS16,16,7,2,Unit,2
LANTER 121720,A376118,12/16/2020,HT-347,Harris Teeter 347,2639 Lawndale Dr.,,Greensboro,NC,27408,336-545-1354,No comment,BB-373,336-804-9918,2810,Grilled Dumpling Shrimp 30/CS,CS30,30,8,2,Unit,2
LANTER 121720,A376118,12/16/2020,HT-347,Harris Teeter 347,2639 Lawndale Dr.,,Greensboro,NC,27408,336-545-1354,No comment,BB-373,336-804-9918,2837,Chicken Skewers (Yakitori) 20bags/cs,CS,1,48,1,Unit,1
LANTER 121720,A376118,12/16/2020,HT-347,Harris Teeter 347,2639 Lawndale Dr.,,Greensboro,NC,27408,336-545-1354,No comment,BB-373,336-804-9918,6304,Warm Up Microwave Sticker,ROLL,1,53,1,,1
LANTER 121720,A376118,12/16/2020,HT-347,Harris Teeter 347,2639 Lawndale Dr.,,Greensboro,NC,27408,336-545-1354,No comment,BB-373,336-804-9918,8524,Fish Container Top,EACH,1,32,2,Each,2
LANTER 121720,A376118,12/16/2020,HT-347,Harris Teeter 347,2639 Lawndale Dr.,,Greensboro,NC,27408,336-545-1354,No comment,BB-373,336-804-9918,3245,PREMIUM RICE 40 lbs,BAG,1,12,3,Unit,3
LANTER 121720,A376118,12/16/2020,HT-347,Harris Teeter 347,2639 Lawndale Dr.,,Greensboro,NC,27408,336-545-1354,No comment,BB-373,336-804-9918,3220,Seaweed Nori 200 1/2SH,CS40,40,10,1,Unit,1
LANTER 121720,A376118,12/16/2020,HT-347,Harris Teeter 347,2639 Lawndale Dr.,,Greensboro,NC,27408,336-545-1354,No comment,BB-373,336-804-9918,3235,Soy Sauce L/S 1000 pc,CS,1,11,4,Unit,4
LANTER 121720,A376118,12/16/2020,HT-347,Harris Teeter 347,2639 Lawndale Dr.,,Greensboro,NC,27408,336-545-1354,No comment,BB-373,336-804-9918,3290,Fried Onions 10/1kg,CS10,10,14,2,Unit,2
LANTER 121720,A376118,12/16/2020,HT-347,Harris Teeter 347,2639 Lawndale Dr.,,Greensboro,NC,27408,336-545-1354,No comment,BB-373,336-804-9918,3404,Sushi Sauce Case  4/gal,CS4,4,15,1,Unit,1
LANTER 121720,A376118,12/16/2020,HT-347,Harris Teeter 347,2639 Lawndale Dr.,,Greensboro,NC,27408,336-545-1354,No comment,BB-373,336-804-9918,3648,Soy Sauce Bottle 24 cs,CS24,24,19,1,Unit,1
LANTER 121720,A376118,12/16/2020,HT-347,Harris Teeter 347,2639 Lawndale Dr.,,Greensboro,NC,27408,336-545-1354,No comment,BB-373,336-804-9918,5190,AFC-30 Lid Pack,CS16,16,24,1,Each,16
LANTER 121720,A376118,12/16/2020,HT-347,Harris Teeter 347,2639 Lawndale Dr.,,Greensboro,NC,27408,336-545-1354,No comment,BB-373,336-804-9918,5185,AFC-30 Blue Body Pack,CS16,16,23,1,Each,16
LANTER 121720,A376118,12/16/2020,HT-347,Harris Teeter 347,2639 Lawndale Dr.,,Greensboro,NC,27408,336-545-1354,No comment,BB-373,336-804-9918,5160,AFC-4 Lid  Pack,CS24,24,22,1,Each,24
LANTER 121720,A376118,12/16/2020,HT-347,Harris Teeter 347,2639 Lawndale Dr.,,Greensboro,NC,27408,336-545-1354,No comment,BB-373,336-804-9918,5155,AFC-4 Blue Body Pack,CS24,24,21,1,Each,24
LANTER 121720,A376118,12/16/2020,HT-347,Harris Teeter 347,2639 Lawndale Dr.,,Greensboro,NC,27408,336-545-1354,No comment,BB-373,336-804-9918,3215,Wasabi 2.2lb,CS16,16,9,1,Each,16
LANTER 121720,A376118,12/16/2020,HT-347,Harris Teeter 347,2639 Lawndale Dr.,,Greensboro,NC,27408,336-545-1354,No comment,BB-373,336-804-9918,3265,Sesame Seeds 5LB,BAG,1,13,1,Each,1
LANTER 121720,A376118,12/16/2020,HT-347,Harris Teeter 347,2639 Lawndale Dr.,,Greensboro,NC,27408,336-545-1354,No comment,BB-373,336-804-9918,3424,Spicy Sesame Oil,BOT,1,16,1,Each,1
LANTER 121720,A376118,12/16/2020,HT-347,Harris Teeter 347,2639 Lawndale Dr.,,Greensboro,NC,27408,336-545-1354,No comment,BB-373,336-804-9918,3605,Sushi Gari BOT,CS12,12,17,2,Unit,2
LANTER 121720,A376118,12/16/2020,HT-347,Harris Teeter 347,2639 Lawndale Dr.,,Greensboro,NC,27408,336-545-1354,No comment,BB-373,336-804-9918,3610,R Sesame 4oz,CS12,12,18,1,Unit,1
LANTER 121720,A376118,12/16/2020,HT-347,Harris Teeter 347,2639 Lawndale Dr.,,Greensboro,NC,27408,336-545-1354,No comment,BB-373,336-804-9918,5145,AFC-16 Clear Body,PK,1,20,1,Each,1
LANTER 121720,A376118,12/16/2020,HT-347,Harris Teeter 347,2639 Lawndale Dr.,,Greensboro,NC,27408,336-545-1354,No comment,BB-373,336-804-9918,5645,SF-55 White Bowl Body 50pc,CS12,12,25,1,Each,12
LANTER 121720,A376118,12/16/2020,HT-347,Harris Teeter 347,2639 Lawndale Dr.,,Greensboro,NC,27408,336-545-1354,No comment,BB-373,336-804-9918,5646,SF-55 Bowl Lid 50pc,CS12,12,26,1,Each,12
LANTER 121720,A376118,12/16/2020,HT-347,Harris Teeter 347,2639 Lawndale Dr.,,Greensboro,NC,27408,336-545-1354,No comment,BB-373,336-804-9918,6208,Thermo Vertical Blue #3,CS16,16,27,1,Each,16
LANTER 121720,A376118,12/16/2020,HT-347,Harris Teeter 347,2639 Lawndale Dr.,,Greensboro,NC,27408,336-545-1354,No comment,BB-373,336-804-9918,8162,Buffer Solution,SET,2,31,1,Each,2
LANTER 121720,A376118,12/16/2020,HT-347,Harris Teeter 347,2639 Lawndale Dr.,,Greensboro,NC,27408,336-545-1354,No comment,BB-373,336-804-9918,6296,$5 Red Sticker,ROLL,1,28,2,Each,2
LANTER 121720,A376118,12/16/2020,HT-347,Harris Teeter 347,2639 Lawndale Dr.,,Greensboro,NC,27408,336-545-1354,No comment,BB-373,336-804-9918,6297,$5 Barcode Sticker,EACH,1,29,2,Each,2
LANTER 121720,A376118,12/16/2020,HT-347,Harris Teeter 347,2639 Lawndale Dr.,,Greensboro,NC,27408,336-545-1354,No comment,BB-373,336-804-9918,6624,Clear Dumpling  Microwave Instruction Sticker 250 pcs,ROLL,1,30,1,Each,1
LANTER 121720,A376118,12/16/2020,HT-347,Harris Teeter 347,2639 Lawndale Dr.,,Greensboro,NC,27408,336-545-1354,No comment,BB-373,336-804-9918,8712,PH Tester Paper,EACH,1,33,1,Each,1
LANTER 121720,A376119,12/16/2020,HT-366,Harris Teeter 366,4701 Smith Farm Rd,,Charlotte,NC,28216,--,No comment,CC-391,615-779-3523,2204,Tuna-A   (22),CS22,22,1,2,Unit,2
LANTER 121720,A376119,12/16/2020,HT-366,Harris Teeter 366,4701 Smith Farm Rd,,Charlotte,NC,28216,--,No comment,CC-391,615-779-3523,2209,Tuna C-Tatakimi 22lbs,CS22,22,2,1,Unit,1
LANTER 121720,A376119,12/16/2020,HT-366,Harris Teeter 366,4701 Smith Farm Rd,,Charlotte,NC,28216,--,No comment,CC-391,615-779-3523,2237,ASC Atlantic Salmon,CS22,22,3,4,Unit,4
LANTER 121720,A376119,12/16/2020,HT-366,Harris Teeter 366,4701 Smith Farm Rd,,Charlotte,NC,28216,--,No comment,CC-391,615-779-3523,2418,Tempura Shrimp 10Pc 15tray/CS,CS15,15,4,5,Unit,5
LANTER 121720,A376119,12/16/2020,HT-366,Harris Teeter 366,4701 Smith Farm Rd,,Charlotte,NC,28216,--,No comment,CC-391,615-779-3523,2436,Baby Shrimp 5 lbs 4bag/CS,CS4,4,5,3,Unit,3
LANTER 121720,A376119,12/16/2020,HT-366,Harris Teeter 366,4701 Smith Farm Rd,,Charlotte,NC,28216,--,No comment,CC-391,615-779-3523,2440,Crab Stick Imi  H.G. CS16,CS16,16,6,3,Unit,3
LANTER 121720,A376119,12/16/2020,HT-366,Harris Teeter 366,4701 Smith Farm Rd,,Charlotte,NC,28216,--,No comment,CC-391,615-779-3523,2442,AFC Crab Shredded CS16,CS16,16,7,3,Unit,3
LANTER 121720,A376119,12/16/2020,HT-366,Harris Teeter 366,4701 Smith Farm Rd,,Charlotte,NC,28216,--,No comment,CC-391,615-779-3523,2672,Seabreeze Salad  24/1.1  LBS/CS,CS24,24,8,1,Unit,1
LANTER 121720,A376119,12/16/2020,HT-366,Harris Teeter 366,4701 Smith Farm Rd,,Charlotte,NC,28216,--,No comment,CC-391,615-779-3523,2678,Calamari Salad  24/1.1 lbs/CS,CS24,24,9,1,Unit,1
LANTER 121720,A376119,12/16/2020,HT-366,Harris Teeter 366,4701 Smith Farm Rd,,Charlotte,NC,28216,--,No comment,CC-391,615-779-3523,2810,Grilled Dumpling Shrimp 30/CS,CS30,30,10,1,Unit,1
LANTER 121720,A376119,12/16/2020,HT-366,Harris Teeter 366,4701 Smith Farm Rd,,Charlotte,NC,28216,--,No comment,CC-391,615-779-3523,2826,Asian BBQ Beef 30#,CS,1,11,1,Unit,1
LANTER 121720,A376119,12/16/2020,HT-366,Harris Teeter 366,4701 Smith Farm Rd,,Charlotte,NC,28216,--,No comment,CC-391,615-779-3523,2831,Crispy Chicken (Karaage) 30#/CS,CS,1,12,10,Unit,10
LANTER 121720,A376119,12/16/2020,HT-366,Harris Teeter 366,4701 Smith Farm Rd,,Charlotte,NC,28216,--,No comment,CC-391,615-779-3523,2836,#3 Teriyaki Chicken OH,CS,1,13,12,Unit,12
LANTER 121720,A376119,12/16/2020,HT-366,Harris Teeter 366,4701 Smith Farm Rd,,Charlotte,NC,28216,--,No comment,CC-391,615-779-3523,2837,Chicken Skewers (Yakitori) 20bags/cs,CS,1,51,1,Unit,1
LANTER 121720,A376119,12/16/2020,HT-366,Harris Teeter 366,4701 Smith Farm Rd,,Charlotte,NC,28216,--,No comment,CC-391,615-779-3523,6304,Warm Up Microwave Sticker,ROLL,1,56,1,,1
LANTER 121720,A376119,12/16/2020,HT-366,Harris Teeter 366,4701 Smith Farm Rd,,Charlotte,NC,28216,--,No comment,CC-391,615-779-3523,3246,AFC Brown Rice  40#,BAG,1,16,2,Unit,2
LANTER 121720,A376119,12/16/2020,HT-366,Harris Teeter 366,4701 Smith Farm Rd,,Charlotte,NC,28216,--,No comment,CC-391,615-779-3523,3256,Vinegar  H-100 Natural 5.28gal,CS,1,17,7,Unit,7
LANTER 121720,A376119,12/16/2020,HT-366,Harris Teeter 366,4701 Smith Farm Rd,,Charlotte,NC,28216,--,No comment,CC-391,615-779-3523,3220,Seaweed Nori 200 1/2SH,CS40,40,14,1,Unit,1
LANTER 121720,A376119,12/16/2020,HT-366,Harris Teeter 366,4701 Smith Farm Rd,,Charlotte,NC,28216,--,No comment,CC-391,615-779-3523,3235,Soy Sauce L/S 1000 pc,CS,1,15,5,Unit,5
LANTER 121720,A376119,12/16/2020,HT-366,Harris Teeter 366,4701 Smith Farm Rd,,Charlotte,NC,28216,--,No comment,CC-391,615-779-3523,3437,**Sweet & Sour Sauce,CS4,4,19,1,Unit,1
LANTER 121720,A376119,12/16/2020,HT-366,Harris Teeter 366,4701 Smith Farm Rd,,Charlotte,NC,28216,--,No comment,CC-391,615-779-3523,3438,**AFC Yakiniku Sauce,CS4,4,20,1,Unit,1
LANTER 121720,A376119,12/16/2020,HT-366,Harris Teeter 366,4701 Smith Farm Rd,,Charlotte,NC,28216,--,No comment,CC-391,615-779-3523,3640,Green Tea  24 Can,CS,1,24,1,Unit,1
LANTER 121720,A376119,12/16/2020,HT-366,Harris Teeter 366,4701 Smith Farm Rd,,Charlotte,NC,28216,--,No comment,CC-391,615-779-3523,5190,AFC-30 Lid Pack,CS16,16,28,1,Each,16
LANTER 121720,A376119,12/16/2020,HT-366,Harris Teeter 366,4701 Smith Farm Rd,,Charlotte,NC,28216,--,No comment,CC-391,615-779-3523,5185,AFC-30 Blue Body Pack,CS16,16,27,1,Each,16
LANTER 121720,A376119,12/16/2020,HT-366,Harris Teeter 366,4701 Smith Farm Rd,,Charlotte,NC,28216,--,No comment,CC-391,615-779-3523,5160,AFC-4 Lid  Pack,CS24,24,26,2,Each,48
LANTER 121720,A376119,12/16/2020,HT-366,Harris Teeter 366,4701 Smith Farm Rd,,Charlotte,NC,28216,--,No comment,CC-391,615-779-3523,5155,AFC-4 Blue Body Pack,CS24,24,25,2,Each,48
LANTER 121720,A376119,12/16/2020,HT-366,Harris Teeter 366,4701 Smith Farm Rd,,Charlotte,NC,28216,--,No comment,CC-391,615-779-3523,3265,Sesame Seeds 5LB,BAG,1,18,1,Each,1
LANTER 121720,A376119,12/16/2020,HT-366,Harris Teeter 366,4701 Smith Farm Rd,,Charlotte,NC,28216,--,No comment,CC-391,615-779-3523,3491,Premium AFC Poke Sauce 8/720g,CS,1,21,1,Unit,1
LANTER 121720,A376119,12/16/2020,HT-366,Harris Teeter 366,4701 Smith Farm Rd,,Charlotte,NC,28216,--,No comment,CC-391,615-779-3523,3610,R Sesame 4oz,CS12,12,22,1,Unit,1
LANTER 121720,A376119,12/16/2020,HT-366,Harris Teeter 366,4701 Smith Farm Rd,,Charlotte,NC,28216,--,No comment,CC-391,615-779-3523,3615,Grated Wasabi,CS20,20,23,1,Unit,1
LANTER 121720,A376119,12/16/2020,HT-366,Harris Teeter 366,4701 Smith Farm Rd,,Charlotte,NC,28216,--,No comment,CC-391,615-779-3523,5412,AFC-18 White Body,PK,1,29,5,Each,5
LANTER 121720,A376119,12/16/2020,HT-366,Harris Teeter 366,4701 Smith Farm Rd,,Charlotte,NC,28216,--,No comment,CC-391,615-779-3523,5416,AFC-18 Lid  50 pcs,PK,1,30,8,Each,8
LANTER 121720,A376119,12/16/2020,HT-366,Harris Teeter 366,4701 Smith Farm Rd,,Charlotte,NC,28216,--,No comment,CC-391,615-779-3523,5827,COP-18 Poke Bowl  Body Pk,PK,1,31,4,Each,4
LANTER 121720,A376119,12/16/2020,HT-366,Harris Teeter 366,4701 Smith Farm Rd,,Charlotte,NC,28216,--,No comment,CC-391,615-779-3523,5829,COP-18 Poke Bowl  Lid  Pk,PK,1,32,3,Each,3
LANTER 121720,A376119,12/16/2020,HT-366,Harris Teeter 366,4701 Smith Farm Rd,,Charlotte,NC,28216,--,No comment,CC-391,615-779-3523,6120,Chopstick 100PR,CS32,32,33,1,Each,32
LANTER 121720,A376119,12/16/2020,HT-366,Harris Teeter 366,4701 Smith Farm Rd,,Charlotte,NC,28216,--,No comment,CC-391,615-779-3523,6285,Thermo Vertical Yamato,ROLL,1,34,16,Each,16
LANTER 121720,A376119,12/16/2020,HT-366,Harris Teeter 366,4701 Smith Farm Rd,,Charlotte,NC,28216,--,No comment,CC-391,615-779-3523,8162,Buffer Solution,SET,2,36,1,Each,2
LANTER 121720,A376119,12/16/2020,HT-366,Harris Teeter 366,4701 Smith Farm Rd,,Charlotte,NC,28216,--,No comment,CC-391,615-779-3523,8150,Peeler,EACH,1,35,2,Each,2
LANTER 121720,A376132,12/16/2020,HT-223,Harris Teeter 223,1800 Martin Luther King Jr. Blvd. ,,Chapel Hill,NC,27514,919-968-0110,No comment,B-029,919-423-6957,2204,Tuna-A   (22),CS22,22,1,2,Unit,2
LANTER 121720,A376132,12/16/2020,HT-223,Harris Teeter 223,1800 Martin Luther King Jr. Blvd. ,,Chapel Hill,NC,27514,919-968-0110,No comment,B-029,919-423-6957,2209,Tuna C-Tatakimi 22lbs,CS22,22,2,2,Unit,2
LANTER 121720,A376132,12/16/2020,HT-223,Harris Teeter 223,1800 Martin Luther King Jr. Blvd. ,,Chapel Hill,NC,27514,919-968-0110,No comment,B-029,919-423-6957,2237,ASC Atlantic Salmon,CS22,22,3,4,Unit,4
LANTER 121720,A376132,12/16/2020,HT-223,Harris Teeter 223,1800 Martin Luther King Jr. Blvd. ,,Chapel Hill,NC,27514,919-968-0110,No comment,B-029,919-423-6957,2436,Baby Shrimp 5 lbs 4bag/CS,CS4,4,4,1,Unit,1
LANTER 121720,A376132,12/16/2020,HT-223,Harris Teeter 223,1800 Martin Luther King Jr. Blvd. ,,Chapel Hill,NC,27514,919-968-0110,No comment,B-029,919-423-6957,2440,Crab Stick Imi  H.G. CS16,CS16,16,5,4,Unit,4
LANTER 121720,A376132,12/16/2020,HT-223,Harris Teeter 223,1800 Martin Luther King Jr. Blvd. ,,Chapel Hill,NC,27514,919-968-0110,No comment,B-029,919-423-6957,2672,Seabreeze Salad  24/1.1  LBS/CS,CS24,24,6,1,Unit,1
LANTER 121720,A376132,12/16/2020,HT-223,Harris Teeter 223,1800 Martin Luther King Jr. Blvd. ,,Chapel Hill,NC,27514,919-968-0110,No comment,B-029,919-423-6957,2810,Grilled Dumpling Shrimp 30/CS,CS30,30,7,2,Unit,2
LANTER 121720,A376132,12/16/2020,HT-223,Harris Teeter 223,1800 Martin Luther King Jr. Blvd. ,,Chapel Hill,NC,27514,919-968-0110,No comment,B-029,919-423-6957,2821,Pork Shumai 108pc/CS,CS,1,8,2,Unit,2
LANTER 121720,A376132,12/16/2020,HT-223,Harris Teeter 223,1800 Martin Luther King Jr. Blvd. ,,Chapel Hill,NC,27514,919-968-0110,No comment,B-029,919-423-6957,2826,Asian BBQ Beef 30#,CS,1,9,1,Unit,1
LANTER 121720,A376132,12/16/2020,HT-223,Harris Teeter 223,1800 Martin Luther King Jr. Blvd. ,,Chapel Hill,NC,27514,919-968-0110,No comment,B-029,919-423-6957,2831,Crispy Chicken (Karaage) 30#/CS,CS,1,10,8,Unit,8
LANTER 121720,A376132,12/16/2020,HT-223,Harris Teeter 223,1800 Martin Luther King Jr. Blvd. ,,Chapel Hill,NC,27514,919-968-0110,No comment,B-029,919-423-6957,2836,#3 Teriyaki Chicken OH,CS,1,11,4,Unit,4
LANTER 121720,A376132,12/16/2020,HT-223,Harris Teeter 223,1800 Martin Luther King Jr. Blvd. ,,Chapel Hill,NC,27514,919-968-0110,No comment,B-029,919-423-6957,2837,Chicken Skewers (Yakitori) 20bags/cs,CS,1,44,1,Unit,1
LANTER 121720,A376132,12/16/2020,HT-223,Harris Teeter 223,1800 Martin Luther King Jr. Blvd. ,,Chapel Hill,NC,27514,919-968-0110,No comment,B-029,919-423-6957,2865,INARI PACK 30 pc 20/CS,CS20,20,12,1,Unit,1
LANTER 121720,A376132,12/16/2020,HT-223,Harris Teeter 223,1800 Martin Luther King Jr. Blvd. ,,Chapel Hill,NC,27514,919-968-0110,No comment,B-029,919-423-6957,6304,Warm Up Microwave Sticker,ROLL,1,49,1,,1
LANTER 121720,A376132,12/16/2020,HT-223,Harris Teeter 223,1800 Martin Luther King Jr. Blvd. ,,Chapel Hill,NC,27514,919-968-0110,No comment,B-029,919-423-6957,3245,PREMIUM RICE 40 lbs,BAG,1,16,2,Unit,2
LANTER 121720,A376132,12/16/2020,HT-223,Harris Teeter 223,1800 Martin Luther King Jr. Blvd. ,,Chapel Hill,NC,27514,919-968-0110,No comment,B-029,919-423-6957,3246,AFC Brown Rice  40#,BAG,1,17,2,Unit,2
LANTER 121720,A376132,12/16/2020,HT-223,Harris Teeter 223,1800 Martin Luther King Jr. Blvd. ,,Chapel Hill,NC,27514,919-968-0110,No comment,B-029,919-423-6957,3220,Seaweed Nori 200 1/2SH,CS40,40,14,1,Unit,1
LANTER 121720,A376132,12/16/2020,HT-223,Harris Teeter 223,1800 Martin Luther King Jr. Blvd. ,,Chapel Hill,NC,27514,919-968-0110,No comment,B-029,919-423-6957,3235,Soy Sauce L/S 1000 pc,CS,1,15,6,Unit,6
LANTER 121720,A376132,12/16/2020,HT-223,Harris Teeter 223,1800 Martin Luther King Jr. Blvd. ,,Chapel Hill,NC,27514,919-968-0110,No comment,B-029,919-423-6957,3290,Fried Onions 10/1kg,CS10,10,19,2,Unit,2
LANTER 121720,A376132,12/16/2020,HT-223,Harris Teeter 223,1800 Martin Luther King Jr. Blvd. ,,Chapel Hill,NC,27514,919-968-0110,No comment,B-029,919-423-6957,3418,Sweet  Chili SA 200,CS,1,20,2,Unit,2
LANTER 121720,A376132,12/16/2020,HT-223,Harris Teeter 223,1800 Martin Luther King Jr. Blvd. ,,Chapel Hill,NC,27514,919-968-0110,No comment,B-029,919-423-6957,3433,**AFC Orange Sauce,CS,1,21,4,Unit,4
LANTER 121720,A376132,12/16/2020,HT-223,Harris Teeter 223,1800 Martin Luther King Jr. Blvd. ,,Chapel Hill,NC,27514,919-968-0110,No comment,B-029,919-423-6957,3435,**AFC Sesame Sauce,CS,1,22,4,Unit,4
LANTER 121720,A376132,12/16/2020,HT-223,Harris Teeter 223,1800 Martin Luther King Jr. Blvd. ,,Chapel Hill,NC,27514,919-968-0110,No comment,B-029,919-423-6957,3443,**Classic Teriyaki Sauce 12 bag/1kg,CS12,12,23,2,Unit,2
LANTER 121720,A376132,12/16/2020,HT-223,Harris Teeter 223,1800 Martin Luther King Jr. Blvd. ,,Chapel Hill,NC,27514,919-968-0110,No comment,B-029,919-423-6957,3648,Soy Sauce Bottle 24 cs,CS24,24,25,1,Unit,1
LANTER 121720,A376132,12/16/2020,HT-223,Harris Teeter 223,1800 Martin Luther King Jr. Blvd. ,,Chapel Hill,NC,27514,919-968-0110,No comment,B-029,919-423-6957,3655,Tofu Miso Soup 24/CS,CS,1,26,4,Unit,4
LANTER 121720,A376132,12/16/2020,HT-223,Harris Teeter 223,1800 Martin Luther King Jr. Blvd. ,,Chapel Hill,NC,27514,919-968-0110,No comment,B-029,919-423-6957,3215,Wasabi 2.2lb,CS16,16,13,1,Each,16
LANTER 121720,A376132,12/16/2020,HT-223,Harris Teeter 223,1800 Martin Luther King Jr. Blvd. ,,Chapel Hill,NC,27514,919-968-0110,No comment,B-029,919-423-6957,3265,Sesame Seeds 5LB,BAG,1,18,1,Each,1
LANTER 121720,A376132,12/16/2020,HT-223,Harris Teeter 223,1800 Martin Luther King Jr. Blvd. ,,Chapel Hill,NC,27514,919-968-0110,No comment,B-029,919-423-6957,3605,Sushi Gari BOT,CS12,12,24,1,Unit,1
LANTER 121720,A376132,12/16/2020,HT-223,Harris Teeter 223,1800 Martin Luther King Jr. Blvd. ,,Chapel Hill,NC,27514,919-968-0110,No comment,B-029,919-423-6957,6120,Chopstick 100PR,PK,1,27,20,Each,20
LANTER 121720,A376132,12/16/2020,HT-223,Harris Teeter 223,1800 Martin Luther King Jr. Blvd. ,,Chapel Hill,NC,27514,919-968-0110,No comment,B-029,919-423-6957,6208,Thermo Vertical Blue #3,ROLL,1,28,10,Each,10
LANTER 121720,A376132,12/16/2020,HT-223,Harris Teeter 223,1800 Martin Luther King Jr. Blvd. ,,Chapel Hill,NC,27514,919-968-0110,No comment,B-029,919-423-6957,6208,Thermo Vertical Blue #3,CS16,16,29,1,Each,16
LANTER 121720,A376133,12/16/2020,KRO0672A,Kroger 672/GA,800 Glenwood Ave.,,Atlanta,GA,30312,--,No comment,S-989,678-888-8838,2204,Tuna-A   (22),CS22,22,1,5,Unit,5
LANTER 121720,A376133,12/16/2020,KRO0672A,Kroger 672/GA,800 Glenwood Ave.,,Atlanta,GA,30312,--,No comment,S-989,678-888-8838,2209,Tuna C-Tatakimi 22lbs,CS22,22,2,5,Unit,5
LANTER 121720,A376133,12/16/2020,KRO0672A,Kroger 672/GA,800 Glenwood Ave.,,Atlanta,GA,30312,--,No comment,S-989,678-888-8838,2406,Shrimp Tray Vannamei 20tray/CS,CS20,20,3,1,Unit,1
LANTER 121720,A376133,12/16/2020,KRO0672A,Kroger 672/GA,800 Glenwood Ave.,,Atlanta,GA,30312,--,No comment,S-989,678-888-8838,2418,Tempura Shrimp 10Pc 15tray/CS,CS15,15,4,4,Unit,4
LANTER 121720,A376133,12/16/2020,KRO0672A,Kroger 672/GA,800 Glenwood Ave.,,Atlanta,GA,30312,--,No comment,S-989,678-888-8838,2436,Baby Shrimp 5 lbs 4bag/CS,CS4,4,5,2,Unit,2
LANTER 121720,A376133,12/16/2020,KRO0672A,Kroger 672/GA,800 Glenwood Ave.,,Atlanta,GA,30312,--,No comment,S-989,678-888-8838,2440,Crab Stick Imi  H.G. CS16,CS16,16,6,7,Unit,7
LANTER 121720,A376133,12/16/2020,KRO0672A,Kroger 672/GA,800 Glenwood Ave.,,Atlanta,GA,30312,--,No comment,S-989,678-888-8838,2442,AFC Crab Shredded CS16,CS16,16,7,7,Unit,7
LANTER 121720,A376133,12/16/2020,KRO0672A,Kroger 672/GA,800 Glenwood Ave.,,Atlanta,GA,30312,--,No comment,S-989,678-888-8838,2625,Fish Roe Masago 0.44 lbs  30pk/cs,CS30,30,8,1,Unit,1
LANTER 121720,A376133,12/16/2020,KRO0672A,Kroger 672/GA,800 Glenwood Ave.,,Atlanta,GA,30312,--,No comment,S-989,678-888-8838,2672,Seabreeze Salad  24/1.1  LBS/CS,CS24,24,9,2,Unit,2
LANTER 121720,A376133,12/16/2020,KRO0672A,Kroger 672/GA,800 Glenwood Ave.,,Atlanta,GA,30312,--,No comment,S-989,678-888-8838,2678,Calamari Salad  24/1.1 lbs/CS,CS24,24,10,1,Unit,1
LANTER 121720,A376133,12/16/2020,KRO0672A,Kroger 672/GA,800 Glenwood Ave.,,Atlanta,GA,30312,--,No comment,S-989,678-888-8838,2805,Grilled Chicken 2/5lb/CS,CS2,2,11,1,Unit,1
LANTER 121720,A376133,12/16/2020,KRO0672A,Kroger 672/GA,800 Glenwood Ave.,,Atlanta,GA,30312,--,No comment,S-989,678-888-8838,2810,Grilled Dumpling Shrimp 30/CS,CS30,30,12,2,Unit,2
LANTER 121720,A376133,12/16/2020,KRO0672A,Kroger 672/GA,800 Glenwood Ave.,,Atlanta,GA,30312,--,No comment,S-989,678-888-8838,2831,Crispy Chicken (Karaage) 30#/CS,CS,1,13,20,Unit,20
LANTER 121720,A376133,12/16/2020,KRO0672A,Kroger 672/GA,800 Glenwood Ave.,,Atlanta,GA,30312,--,No comment,S-989,678-888-8838,2836,#3 Teriyaki Chicken OH,CS,1,14,14,Unit,14
LANTER 121720,A376133,12/16/2020,KRO0672A,Kroger 672/GA,800 Glenwood Ave.,,Atlanta,GA,30312,--,No comment,S-989,678-888-8838,2837,Chicken Skewers (Yakitori) 20bags/cs,CS,1,68,1,Unit,1
LANTER 121720,A376133,12/16/2020,KRO0672A,Kroger 672/GA,800 Glenwood Ave.,,Atlanta,GA,30312,--,No comment,S-989,678-888-8838,6304,Warm Up Microwave Sticker,ROLL,1,73,1,,1
LANTER 121720,A376133,12/16/2020,KRO0672A,Kroger 672/GA,800 Glenwood Ave.,,Atlanta,GA,30312,--,No comment,S-989,678-888-8838,3245,PREMIUM RICE 40 lbs,BAG,1,17,4,Unit,4
LANTER 121720,A376133,12/16/2020,KRO0672A,Kroger 672/GA,800 Glenwood Ave.,,Atlanta,GA,30312,--,No comment,S-989,678-888-8838,3256,Vinegar  H-100 Natural 5.28gal,CS,1,18,4,Unit,4
LANTER 121720,A376133,12/16/2020,KRO0672A,Kroger 672/GA,800 Glenwood Ave.,,Atlanta,GA,30312,--,No comment,S-989,678-888-8838,3235,Soy Sauce L/S 1000 pc,CS,1,16,6,Unit,6
LANTER 121720,A376133,12/16/2020,KRO0672A,Kroger 672/GA,800 Glenwood Ave.,,Atlanta,GA,30312,--,No comment,S-989,678-888-8838,3280,Tapioca (Spring Roll Wrap) Paper 50pc,CS10,10,19,1,Unit,1
LANTER 121720,A376133,12/16/2020,KRO0672A,Kroger 672/GA,800 Glenwood Ave.,,Atlanta,GA,30312,--,No comment,S-989,678-888-8838,3290,Fried Onions 10/1kg,CS10,10,20,5,Unit,5
LANTER 121720,A376133,12/16/2020,KRO0672A,Kroger 672/GA,800 Glenwood Ave.,,Atlanta,GA,30312,--,No comment,S-989,678-888-8838,3404,Sushi Sauce Case  4/gal,CS4,4,21,3,Unit,3
LANTER 121720,A376133,12/16/2020,KRO0672A,Kroger 672/GA,800 Glenwood Ave.,,Atlanta,GA,30312,--,No comment,S-989,678-888-8838,3418,Sweet  Chili SA 200,CS,1,23,5,Unit,5
LANTER 121720,A376133,12/16/2020,KRO0672A,Kroger 672/GA,800 Glenwood Ave.,,Atlanta,GA,30312,--,No comment,S-989,678-888-8838,3433,**AFC Orange Sauce,CS,1,24,6,Unit,6
LANTER 121720,A376133,12/16/2020,KRO0672A,Kroger 672/GA,800 Glenwood Ave.,,Atlanta,GA,30312,--,No comment,S-989,678-888-8838,3435,**AFC Sesame Sauce,CS,1,25,3,Unit,3
LANTER 121720,A376133,12/16/2020,KRO0672A,Kroger 672/GA,800 Glenwood Ave.,,Atlanta,GA,30312,--,No comment,S-989,678-888-8838,3436,**AFC Stir Fry Sauce,CS,1,26,5,Unit,5
LANTER 121720,A376133,12/16/2020,KRO0672A,Kroger 672/GA,800 Glenwood Ave.,,Atlanta,GA,30312,--,No comment,S-989,678-888-8838,3443,**Classic Teriyaki Sauce 12 bag/1kg,CS12,12,27,3,Unit,3
LANTER 121720,A376133,12/16/2020,KRO0672A,Kroger 672/GA,800 Glenwood Ave.,,Atlanta,GA,30312,--,No comment,S-989,678-888-8838,3640,Green Tea  24 Can,CS,1,32,3,Unit,3
LANTER 121720,A376133,12/16/2020,KRO0672A,Kroger 672/GA,800 Glenwood Ave.,,Atlanta,GA,30312,--,No comment,S-989,678-888-8838,3648,Soy Sauce Bottle 24 cs,CS24,24,33,2,Unit,2
LANTER 121720,A376133,12/16/2020,KRO0672A,Kroger 672/GA,800 Glenwood Ave.,,Atlanta,GA,30312,--,No comment,S-989,678-888-8838,5199,AFC-40 Lid Pack,CS16,16,39,1,Each,16
LANTER 121720,A376133,12/16/2020,KRO0672A,Kroger 672/GA,800 Glenwood Ave.,,Atlanta,GA,30312,--,No comment,S-989,678-888-8838,5195,AFC-40 Blue Body Pack,CS16,16,38,2,Each,32
LANTER 121720,A376133,12/16/2020,KRO0672A,Kroger 672/GA,800 Glenwood Ave.,,Atlanta,GA,30312,--,No comment,S-989,678-888-8838,5190,AFC-30 Lid Pack,CS16,16,37,1,Each,16
LANTER 121720,A376133,12/16/2020,KRO0672A,Kroger 672/GA,800 Glenwood Ave.,,Atlanta,GA,30312,--,No comment,S-989,678-888-8838,5185,AFC-30 Blue Body Pack,CS16,16,36,1,Each,16
LANTER 121720,A376133,12/16/2020,KRO0672A,Kroger 672/GA,800 Glenwood Ave.,,Atlanta,GA,30312,--,No comment,S-989,678-888-8838,5160,AFC-4 Lid  Pack,CS24,24,35,2,Each,48
LANTER 121720,A376133,12/16/2020,KRO0672A,Kroger 672/GA,800 Glenwood Ave.,,Atlanta,GA,30312,--,No comment,S-989,678-888-8838,5155,AFC-4 Blue Body Pack,CS24,24,34,2,Each,48
LANTER 121720,A376133,12/16/2020,KRO0672A,Kroger 672/GA,800 Glenwood Ave.,,Atlanta,GA,30312,--,No comment,S-989,678-888-8838,3215,Wasabi 2.2lb,CS16,16,15,1,Each,16
LANTER 121720,A376133,12/16/2020,KRO0672A,Kroger 672/GA,800 Glenwood Ave.,,Atlanta,GA,30312,--,No comment,S-989,678-888-8838,3412,Premium Spicy Sauce 0.5G,CS6,6,22,1,Each,6
LANTER 121720,A376133,12/16/2020,KRO0672A,Kroger 672/GA,800 Glenwood Ave.,,Atlanta,GA,30312,--,No comment,S-989,678-888-8838,3635,Retail Sushi Seaweed 50pk,CS,1,31,2,Unit,2
LANTER 121720,A376133,12/16/2020,KRO0672A,Kroger 672/GA,800 Glenwood Ave.,,Atlanta,GA,30312,--,No comment,S-989,678-888-8838,3605,Sushi Gari BOT,CS12,12,28,2,Unit,2
LANTER 121720,A376133,12/16/2020,KRO0672A,Kroger 672/GA,800 Glenwood Ave.,,Atlanta,GA,30312,--,No comment,S-989,678-888-8838,3610,R Sesame 4oz,CS12,12,29,2,Unit,2
LANTER 121720,A376133,12/16/2020,KRO0672A,Kroger 672/GA,800 Glenwood Ave.,,Atlanta,GA,30312,--,No comment,S-989,678-888-8838,3615,Grated Wasabi,CS20,20,30,1,Unit,1
LANTER 121720,A376133,12/16/2020,KRO0672A,Kroger 672/GA,800 Glenwood Ave.,,Atlanta,GA,30312,--,No comment,S-989,678-888-8838,5827,COP-18 Poke Bowl  Body Pk,CS12,12,44,2,Each,24
LANTER 121720,A376133,12/16/2020,KRO0672A,Kroger 672/GA,800 Glenwood Ave.,,Atlanta,GA,30312,--,No comment,S-989,678-888-8838,5829,COP-18 Poke Bowl  Lid  Pk,CS12,12,45,2,Each,24
LANTER 121720,A376133,12/16/2020,KRO0672A,Kroger 672/GA,800 Glenwood Ave.,,Atlanta,GA,30312,--,No comment,S-989,678-888-8838,5645,SF-55 White Bowl Body 50pc,CS12,12,42,6,Each,72
LANTER 121720,A376133,12/16/2020,KRO0672A,Kroger 672/GA,800 Glenwood Ave.,,Atlanta,GA,30312,--,No comment,S-989,678-888-8838,5646,SF-55 Bowl Lid 50pc,CS12,12,43,6,Each,72
LANTER 121720,A376133,12/16/2020,KRO0672A,Kroger 672/GA,800 Glenwood Ave.,,Atlanta,GA,30312,--,No comment,S-989,678-888-8838,5610,AFC-235 Party Ty Lid 50pc/PK,CS6,6,41,1,Each,6
LANTER 121720,A376133,12/16/2020,KRO0672A,Kroger 672/GA,800 Glenwood Ave.,,Atlanta,GA,30312,--,No comment,S-989,678-888-8838,5605,AFC-235 Party Tray Body 50pc/PK,CS6,6,40,1,Each,6
LANTER 121720,A376133,12/16/2020,KRO0672A,Kroger 672/GA,800 Glenwood Ave.,,Atlanta,GA,30312,--,No comment,S-989,678-888-8838,6120,Chopstick 100PR,CS32,32,46,1,Each,32
LANTER 121720,A376133,12/16/2020,KRO0672A,Kroger 672/GA,800 Glenwood Ave.,,Atlanta,GA,30312,--,No comment,S-989,678-888-8838,6208,Thermo Vertical Blue #3,CS16,16,47,2,Each,32
LANTER 121720,A376133,12/16/2020,KRO0672A,Kroger 672/GA,800 Glenwood Ave.,,Atlanta,GA,30312,--,No comment,S-989,678-888-8838,6606,Date Gun Label "Sell-By",ROLL,1,48,6,Each,6
LANTER 121720,A376133,12/16/2020,KRO0672A,Kroger 672/GA,800 Glenwood Ave.,,Atlanta,GA,30312,--,No comment,S-989,678-888-8838,6642,P Spicy Sauce L 250 Ribbon,ROLL,1,49,2,Each,2
LANTER 121720,A376133,12/16/2020,KRO0672A,Kroger 672/GA,800 Glenwood Ave.,,Atlanta,GA,30312,--,No comment,S-989,678-888-8838,6649,P. Sushi Sauce  250  Clear,ROLL,1,50,2,Each,2
LANTER 121720,A376133,12/16/2020,KRO0672A,Kroger 672/GA,800 Glenwood Ave.,,Atlanta,GA,30312,--,No comment,S-989,678-888-8838,8128,Masterchef Knife,EACH,1,51,1,Each,1
LANTER 121720,A376133,12/16/2020,KRO0672A,Kroger 672/GA,800 Glenwood Ave.,,Atlanta,GA,30312,--,No comment,S-989,678-888-8838,8904,Chef Coat White Small,EACH,1,52,2,Each,2
LANTER 121720,A376133,12/16/2020,KRO0672A,Kroger 672/GA,800 Glenwood Ave.,,Atlanta,GA,30312,--,No comment,S-989,678-888-8838,8905,Chef Coat White Medium,EACH,1,53,1,Each,1
LANTER 121720,A376137,12/16/2020,HT-087,Harris Teeter   87,620 Long Point Rd.,,Mt. Pleasant,SC,29464,843-856-4631,No comment,O-952,269-339-4525,2204,Tuna-A   (22),CS22,22,1,2,Unit,2
LANTER 121720,A376137,12/16/2020,HT-087,Harris Teeter   87,620 Long Point Rd.,,Mt. Pleasant,SC,29464,843-856-4631,No comment,O-952,269-339-4525,2209,Tuna C-Tatakimi 22lbs,CS22,22,2,2,Unit,2
LANTER 121720,A376137,12/16/2020,HT-087,Harris Teeter   87,620 Long Point Rd.,,Mt. Pleasant,SC,29464,843-856-4631,No comment,O-952,269-339-4525,2237,ASC Atlantic Salmon,CS22,22,3,3,Unit,3
LANTER 121720,A376137,12/16/2020,HT-087,Harris Teeter   87,620 Long Point Rd.,,Mt. Pleasant,SC,29464,843-856-4631,No comment,O-952,269-339-4525,2436,Baby Shrimp 5 lbs 4bag/CS,CS4,4,4,1,Unit,1
LANTER 121720,A376137,12/16/2020,HT-087,Harris Teeter   87,620 Long Point Rd.,,Mt. Pleasant,SC,29464,843-856-4631,No comment,O-952,269-339-4525,2440,Crab Stick Imi  H.G. CS16,CS16,16,5,3,Unit,3
LANTER 121720,A376137,12/16/2020,HT-087,Harris Teeter   87,620 Long Point Rd.,,Mt. Pleasant,SC,29464,843-856-4631,No comment,O-952,269-339-4525,2810,Grilled Dumpling Shrimp 30/CS,CS30,30,6,1,Unit,1
LANTER 121720,A376137,12/16/2020,HT-087,Harris Teeter   87,620 Long Point Rd.,,Mt. Pleasant,SC,29464,843-856-4631,No comment,O-952,269-339-4525,2819,Pre Fried Spring Roll 200pc/CS,CS,1,7,1,Unit,1
LANTER 121720,A376137,12/16/2020,HT-087,Harris Teeter   87,620 Long Point Rd.,,Mt. Pleasant,SC,29464,843-856-4631,No comment,O-952,269-339-4525,2826,Asian BBQ Beef 30#,CS,1,8,3,Unit,3
LANTER 121720,A376137,12/16/2020,HT-087,Harris Teeter   87,620 Long Point Rd.,,Mt. Pleasant,SC,29464,843-856-4631,No comment,O-952,269-339-4525,2836,#3 Teriyaki Chicken OH,CS,1,9,3,Unit,3
LANTER 121720,A376137,12/16/2020,HT-087,Harris Teeter   87,620 Long Point Rd.,,Mt. Pleasant,SC,29464,843-856-4631,No comment,O-952,269-339-4525,2837,Chicken Skewers (Yakitori) 20bags/cs,CS,1,54,1,Unit,1
LANTER 121720,A376137,12/16/2020,HT-087,Harris Teeter   87,620 Long Point Rd.,,Mt. Pleasant,SC,29464,843-856-4631,No comment,O-952,269-339-4525,6304,Warm Up Microwave Sticker,ROLL,1,59,1,,1
LANTER 121720,A376137,12/16/2020,HT-087,Harris Teeter   87,620 Long Point Rd.,,Mt. Pleasant,SC,29464,843-856-4631,No comment,O-952,269-339-4525,3245,PREMIUM RICE 40 lbs,BAG,1,13,1,Unit,1
LANTER 121720,A376137,12/16/2020,HT-087,Harris Teeter   87,620 Long Point Rd.,,Mt. Pleasant,SC,29464,843-856-4631,No comment,O-952,269-339-4525,3246,AFC Brown Rice  40#,BAG,1,14,1,Unit,1
LANTER 121720,A376137,12/16/2020,HT-087,Harris Teeter   87,620 Long Point Rd.,,Mt. Pleasant,SC,29464,843-856-4631,No comment,O-952,269-339-4525,3256,Vinegar  H-100 Natural 5.28gal,CS,1,15,1,Unit,1
LANTER 121720,A376137,12/16/2020,HT-087,Harris Teeter   87,620 Long Point Rd.,,Mt. Pleasant,SC,29464,843-856-4631,No comment,O-952,269-339-4525,3220,Seaweed Nori 200 1/2SH,CS40,40,11,1,Unit,1
LANTER 121720,A376137,12/16/2020,HT-087,Harris Teeter   87,620 Long Point Rd.,,Mt. Pleasant,SC,29464,843-856-4631,No comment,O-952,269-339-4525,3235,Soy Sauce L/S 1000 pc,CS,1,12,1,Unit,1
LANTER 121720,A376137,12/16/2020,HT-087,Harris Teeter   87,620 Long Point Rd.,,Mt. Pleasant,SC,29464,843-856-4631,No comment,O-952,269-339-4525,3290,Fried Onions 10/1kg,CS10,10,17,1,Unit,1
LANTER 121720,A376137,12/16/2020,HT-087,Harris Teeter   87,620 Long Point Rd.,,Mt. Pleasant,SC,29464,843-856-4631,No comment,O-952,269-339-4525,3404,Sushi Sauce Case  4/gal,CS4,4,18,1,Unit,1
LANTER 121720,A376137,12/16/2020,HT-087,Harris Teeter   87,620 Long Point Rd.,,Mt. Pleasant,SC,29464,843-856-4631,No comment,O-952,269-339-4525,3433,**AFC Orange Sauce,CS,1,20,1,Unit,1
LANTER 121720,A376137,12/16/2020,HT-087,Harris Teeter   87,620 Long Point Rd.,,Mt. Pleasant,SC,29464,843-856-4631,No comment,O-952,269-339-4525,3435,**AFC Sesame Sauce,CS,1,21,1,Unit,1
LANTER 121720,A376137,12/16/2020,HT-087,Harris Teeter   87,620 Long Point Rd.,,Mt. Pleasant,SC,29464,843-856-4631,No comment,O-952,269-339-4525,3655,Tofu Miso Soup 24/CS,CS,1,23,1,Unit,1
LANTER 121720,A376137,12/16/2020,HT-087,Harris Teeter   87,620 Long Point Rd.,,Mt. Pleasant,SC,29464,843-856-4631,No comment,O-952,269-339-4525,5199,AFC-40 Lid Pack,CS16,16,29,1,Each,16
LANTER 121720,A376137,12/16/2020,HT-087,Harris Teeter   87,620 Long Point Rd.,,Mt. Pleasant,SC,29464,843-856-4631,No comment,O-952,269-339-4525,5195,AFC-40 Blue Body Pack,CS16,16,28,1,Each,16
LANTER 121720,A376137,12/16/2020,HT-087,Harris Teeter   87,620 Long Point Rd.,,Mt. Pleasant,SC,29464,843-856-4631,No comment,O-952,269-339-4525,5190,AFC-30 Lid Pack,CS16,16,27,2,Each,32
LANTER 121720,A376137,12/16/2020,HT-087,Harris Teeter   87,620 Long Point Rd.,,Mt. Pleasant,SC,29464,843-856-4631,No comment,O-952,269-339-4525,5185,AFC-30 Blue Body Pack,CS16,16,26,2,Each,32
LANTER 121720,A376137,12/16/2020,HT-087,Harris Teeter   87,620 Long Point Rd.,,Mt. Pleasant,SC,29464,843-856-4631,No comment,O-952,269-339-4525,5160,AFC-4 Lid  Pack,CS24,24,25,2,Each,48
LANTER 121720,A376137,12/16/2020,HT-087,Harris Teeter   87,620 Long Point Rd.,,Mt. Pleasant,SC,29464,843-856-4631,No comment,O-952,269-339-4525,5155,AFC-4 Blue Body Pack,CS24,24,24,2,Each,48
LANTER 121720,A376137,12/16/2020,HT-087,Harris Teeter   87,620 Long Point Rd.,,Mt. Pleasant,SC,29464,843-856-4631,No comment,O-952,269-339-4525,3215,Wasabi 2.2lb,PK,1,10,5,Each,5
LANTER 121720,A376137,12/16/2020,HT-087,Harris Teeter   87,620 Long Point Rd.,,Mt. Pleasant,SC,29464,843-856-4631,No comment,O-952,269-339-4525,3265,Sesame Seeds 5LB,BAG,1,16,1,Each,1
LANTER 121720,A376137,12/16/2020,HT-087,Harris Teeter   87,620 Long Point Rd.,,Mt. Pleasant,SC,29464,843-856-4631,No comment,O-952,269-339-4525,3412,Premium Spicy Sauce 0.5G,BOT,1,19,1,Each,1
LANTER 121720,A376137,12/16/2020,HT-087,Harris Teeter   87,620 Long Point Rd.,,Mt. Pleasant,SC,29464,843-856-4631,No comment,O-952,269-339-4525,3491,Premium AFC Poke Sauce 8/720g,CS,1,22,1,Unit,1
LANTER 121720,A376137,12/16/2020,HT-087,Harris Teeter   87,620 Long Point Rd.,,Mt. Pleasant,SC,29464,843-856-4631,No comment,O-952,269-339-4525,5827,COP-18 Poke Bowl  Body Pk,PK,1,32,5,Each,5
LANTER 121720,A376137,12/16/2020,HT-087,Harris Teeter   87,620 Long Point Rd.,,Mt. Pleasant,SC,29464,843-856-4631,No comment,O-952,269-339-4525,5829,COP-18 Poke Bowl  Lid  Pk,PK,1,33,5,Each,5
LANTER 121720,A376137,12/16/2020,HT-087,Harris Teeter   87,620 Long Point Rd.,,Mt. Pleasant,SC,29464,843-856-4631,No comment,O-952,269-339-4525,5645,SF-55 White Bowl Body 50pc,CS12,12,30,1,Each,12
LANTER 121720,A376137,12/16/2020,HT-087,Harris Teeter   87,620 Long Point Rd.,,Mt. Pleasant,SC,29464,843-856-4631,No comment,O-952,269-339-4525,5646,SF-55 Bowl Lid 50pc,CS12,12,31,1,Each,12
LANTER 121720,A376137,12/16/2020,HT-087,Harris Teeter   87,620 Long Point Rd.,,Mt. Pleasant,SC,29464,843-856-4631,No comment,O-952,269-339-4525,6120,Chopstick 100PR,PK,1,34,15,Each,15
LANTER 121720,A376137,12/16/2020,HT-087,Harris Teeter   87,620 Long Point Rd.,,Mt. Pleasant,SC,29464,843-856-4631,No comment,O-952,269-339-4525,6208,Thermo Vertical Blue #3,CS16,16,35,1,Each,16
LANTER 121720,A376137,12/16/2020,HT-087,Harris Teeter   87,620 Long Point Rd.,,Mt. Pleasant,SC,29464,843-856-4631,No comment,O-952,269-339-4525,8162,Buffer Solution,SET,2,38,1,Each,2
LANTER 121720,A376137,12/16/2020,HT-087,Harris Teeter   87,620 Long Point Rd.,,Mt. Pleasant,SC,29464,843-856-4631,No comment,O-952,269-339-4525,6296,$5 Red Sticker,ROLL,1,36,4,Each,4
LANTER 121720,A376137,12/16/2020,HT-087,Harris Teeter   87,620 Long Point Rd.,,Mt. Pleasant,SC,29464,843-856-4631,No comment,O-952,269-339-4525,6676,Hot Bowl Sell By Stickers,ROLL,1,37,1,Each,1
LANTER 121720,A376137,12/16/2020,HT-087,Harris Teeter   87,620 Long Point Rd.,,Mt. Pleasant,SC,29464,843-856-4631,No comment,O-952,269-339-4525,8904,Chef Coat White Small,EACH,1,39,1,Each,1
LANTER 121720,A376147,12/16/2020,HT-330,Harris Teeter 330,1151 Tryon Village Dr,,Cary,NC,27518,919-233-3476,No comment,BB-716,919-594-0111,2204,Tuna-A   (22),CS22,22,1,1,Unit,1
LANTER 121720,A376147,12/16/2020,HT-330,Harris Teeter 330,1151 Tryon Village Dr,,Cary,NC,27518,919-233-3476,No comment,BB-716,919-594-0111,2209,Tuna C-Tatakimi 22lbs,CS22,22,2,5,Unit,5
LANTER 121720,A376147,12/16/2020,HT-330,Harris Teeter 330,1151 Tryon Village Dr,,Cary,NC,27518,919-233-3476,No comment,BB-716,919-594-0111,2237,ASC Atlantic Salmon,CS22,22,3,3,Unit,3
LANTER 121720,A376147,12/16/2020,HT-330,Harris Teeter 330,1151 Tryon Village Dr,,Cary,NC,27518,919-233-3476,No comment,BB-716,919-594-0111,2418,Tempura Shrimp 10Pc 15tray/CS,CS15,15,4,1,Unit,1
LANTER 121720,A376147,12/16/2020,HT-330,Harris Teeter 330,1151 Tryon Village Dr,,Cary,NC,27518,919-233-3476,No comment,BB-716,919-594-0111,2440,Crab Stick Imi  H.G. CS16,CS16,16,5,6,Unit,6
LANTER 121720,A376147,12/16/2020,HT-330,Harris Teeter 330,1151 Tryon Village Dr,,Cary,NC,27518,919-233-3476,No comment,BB-716,919-594-0111,2442,AFC Crab Shredded CS16,CS16,16,6,1,Unit,1
LANTER 121720,A376147,12/16/2020,HT-330,Harris Teeter 330,1151 Tryon Village Dr,,Cary,NC,27518,919-233-3476,No comment,BB-716,919-594-0111,2672,Seabreeze Salad  24/1.1  LBS/CS,CS24,24,7,1,Unit,1
LANTER 121720,A376147,12/16/2020,HT-330,Harris Teeter 330,1151 Tryon Village Dr,,Cary,NC,27518,919-233-3476,No comment,BB-716,919-594-0111,2810,Grilled Dumpling Shrimp 30/CS,CS30,30,8,1,Unit,1
LANTER 121720,A376147,12/16/2020,HT-330,Harris Teeter 330,1151 Tryon Village Dr,,Cary,NC,27518,919-233-3476,No comment,BB-716,919-594-0111,2831,Crispy Chicken (Karaage) 30#/CS,CS,1,9,16,Unit,16
LANTER 121720,A376147,12/16/2020,HT-330,Harris Teeter 330,1151 Tryon Village Dr,,Cary,NC,27518,919-233-3476,No comment,BB-716,919-594-0111,2837,Chicken Skewers (Yakitori) 20bags/cs,CS,1,58,1,Unit,1
LANTER 121720,A376147,12/16/2020,HT-330,Harris Teeter 330,1151 Tryon Village Dr,,Cary,NC,27518,919-233-3476,No comment,BB-716,919-594-0111,3210,Ginger B 20LB,EACH,1,10,1,Unit,1
LANTER 121720,A376147,12/16/2020,HT-330,Harris Teeter 330,1151 Tryon Village Dr,,Cary,NC,27518,919-233-3476,No comment,BB-716,919-594-0111,6304,Warm Up Microwave Sticker,ROLL,1,63,1,,1
LANTER 121720,A376147,12/16/2020,HT-330,Harris Teeter 330,1151 Tryon Village Dr,,Cary,NC,27518,919-233-3476,No comment,BB-716,919-594-0111,3245,PREMIUM RICE 40 lbs,BAG,1,14,8,Unit,8
LANTER 121720,A376147,12/16/2020,HT-330,Harris Teeter 330,1151 Tryon Village Dr,,Cary,NC,27518,919-233-3476,No comment,BB-716,919-594-0111,3246,AFC Brown Rice  40#,BAG,1,15,1,Unit,1
LANTER 121720,A376147,12/16/2020,HT-330,Harris Teeter 330,1151 Tryon Village Dr,,Cary,NC,27518,919-233-3476,No comment,BB-716,919-594-0111,3256,Vinegar  H-100 Natural 5.28gal,CS,1,16,6,Unit,6
LANTER 121720,A376147,12/16/2020,HT-330,Harris Teeter 330,1151 Tryon Village Dr,,Cary,NC,27518,919-233-3476,No comment,BB-716,919-594-0111,3220,Seaweed Nori 200 1/2SH,CS40,40,12,1,Unit,1
LANTER 121720,A376147,12/16/2020,HT-330,Harris Teeter 330,1151 Tryon Village Dr,,Cary,NC,27518,919-233-3476,No comment,BB-716,919-594-0111,3235,Soy Sauce L/S 1000 pc,CS,1,13,10,Unit,10
LANTER 121720,A376147,12/16/2020,HT-330,Harris Teeter 330,1151 Tryon Village Dr,,Cary,NC,27518,919-233-3476,No comment,BB-716,919-594-0111,3290,Fried Onions 10/1kg,CS10,10,18,2,Unit,2
LANTER 121720,A376147,12/16/2020,HT-330,Harris Teeter 330,1151 Tryon Village Dr,,Cary,NC,27518,919-233-3476,No comment,BB-716,919-594-0111,3404,Sushi Sauce Case  4/gal,CS4,4,19,1,Unit,1
LANTER 121720,A376147,12/16/2020,HT-330,Harris Teeter 330,1151 Tryon Village Dr,,Cary,NC,27518,919-233-3476,No comment,BB-716,919-594-0111,3433,**AFC Orange Sauce,CS,1,20,4,Unit,4
LANTER 121720,A376147,12/16/2020,HT-330,Harris Teeter 330,1151 Tryon Village Dr,,Cary,NC,27518,919-233-3476,No comment,BB-716,919-594-0111,3435,**AFC Sesame Sauce,CS,1,21,4,Unit,4
LANTER 121720,A376147,12/16/2020,HT-330,Harris Teeter 330,1151 Tryon Village Dr,,Cary,NC,27518,919-233-3476,No comment,BB-716,919-594-0111,5199,AFC-40 Lid Pack,CS16,16,31,1,Each,16
LANTER 121720,A376147,12/16/2020,HT-330,Harris Teeter 330,1151 Tryon Village Dr,,Cary,NC,27518,919-233-3476,No comment,BB-716,919-594-0111,5195,AFC-40 Blue Body Pack,CS16,16,30,1,Each,16
LANTER 121720,A376147,12/16/2020,HT-330,Harris Teeter 330,1151 Tryon Village Dr,,Cary,NC,27518,919-233-3476,No comment,BB-716,919-594-0111,5190,AFC-30 Lid Pack,CS16,16,29,1,Each,16
LANTER 121720,A376147,12/16/2020,HT-330,Harris Teeter 330,1151 Tryon Village Dr,,Cary,NC,27518,919-233-3476,No comment,BB-716,919-594-0111,5185,AFC-30 Blue Body Pack,CS16,16,28,1,Each,16
LANTER 121720,A376147,12/16/2020,HT-330,Harris Teeter 330,1151 Tryon Village Dr,,Cary,NC,27518,919-233-3476,No comment,BB-716,919-594-0111,5170,AFC-5 Lid Pack,CS24,24,27,2,Each,48
LANTER 121720,A376147,12/16/2020,HT-330,Harris Teeter 330,1151 Tryon Village Dr,,Cary,NC,27518,919-233-3476,No comment,BB-716,919-594-0111,5165,AFC-5 Blue Body Pack,CS24,24,26,2,Each,48
LANTER 121720,A376147,12/16/2020,HT-330,Harris Teeter 330,1151 Tryon Village Dr,,Cary,NC,27518,919-233-3476,No comment,BB-716,919-594-0111,5160,AFC-4 Lid  Pack,CS24,24,25,3,Each,72
LANTER 121720,A376147,12/16/2020,HT-330,Harris Teeter 330,1151 Tryon Village Dr,,Cary,NC,27518,919-233-3476,No comment,BB-716,919-594-0111,5155,AFC-4 Blue Body Pack,CS24,24,24,3,Each,72
LANTER 121720,A376147,12/16/2020,HT-330,Harris Teeter 330,1151 Tryon Village Dr,,Cary,NC,27518,919-233-3476,No comment,BB-716,919-594-0111,3215,Wasabi 2.2lb,CS16,16,11,1,Each,16
LANTER 121720,A376147,12/16/2020,HT-330,Harris Teeter 330,1151 Tryon Village Dr,,Cary,NC,27518,919-233-3476,No comment,BB-716,919-594-0111,3265,Sesame Seeds 5LB,BAG,1,17,5,Each,5
LANTER 121720,A376147,12/16/2020,HT-330,Harris Teeter 330,1151 Tryon Village Dr,,Cary,NC,27518,919-233-3476,No comment,BB-716,919-594-0111,5145,AFC-16 Clear Body,PK,1,22,6,Each,6
LANTER 121720,A376147,12/16/2020,HT-330,Harris Teeter 330,1151 Tryon Village Dr,,Cary,NC,27518,919-233-3476,No comment,BB-716,919-594-0111,5150,AFC-16 Lid  Pack,PK,1,23,6,Each,6
LANTER 121720,A376147,12/16/2020,HT-330,Harris Teeter 330,1151 Tryon Village Dr,,Cary,NC,27518,919-233-3476,No comment,BB-716,919-594-0111,5412,AFC-18 White Body,PK,1,32,5,Each,5
LANTER 121720,A376147,12/16/2020,HT-330,Harris Teeter 330,1151 Tryon Village Dr,,Cary,NC,27518,919-233-3476,No comment,BB-716,919-594-0111,5416,AFC-18 Lid  50 pcs,PK,1,33,5,Each,5
LANTER 121720,A376147,12/16/2020,HT-330,Harris Teeter 330,1151 Tryon Village Dr,,Cary,NC,27518,919-233-3476,No comment,BB-716,919-594-0111,5827,COP-18 Poke Bowl  Body Pk,PK,1,34,6,Each,6
LANTER 121720,A376147,12/16/2020,HT-330,Harris Teeter 330,1151 Tryon Village Dr,,Cary,NC,27518,919-233-3476,No comment,BB-716,919-594-0111,5829,COP-18 Poke Bowl  Lid  Pk,PK,1,35,5,Each,5
LANTER 121720,A376147,12/16/2020,HT-330,Harris Teeter 330,1151 Tryon Village Dr,,Cary,NC,27518,919-233-3476,No comment,BB-716,919-594-0111,6120,Chopstick 100PR,CS32,32,36,1,Each,32
LANTER 121720,A376147,12/16/2020,HT-330,Harris Teeter 330,1151 Tryon Village Dr,,Cary,NC,27518,919-233-3476,No comment,BB-716,919-594-0111,6208,Thermo Vertical Blue #3,CS16,16,37,2,Each,32
LANTER 121720,A376147,12/16/2020,HT-330,Harris Teeter 330,1151 Tryon Village Dr,,Cary,NC,27518,919-233-3476,No comment,BB-716,919-594-0111,8162,Buffer Solution,SET,2,41,1,Each,2
LANTER 121720,A376147,12/16/2020,HT-330,Harris Teeter 330,1151 Tryon Village Dr,,Cary,NC,27518,919-233-3476,No comment,BB-716,919-594-0111,6296,$5 Red Sticker,ROLL,1,38,8,Each,8
LANTER 121720,A376147,12/16/2020,HT-330,Harris Teeter 330,1151 Tryon Village Dr,,Cary,NC,27518,919-233-3476,No comment,BB-716,919-594-0111,6297,$5 Barcode Sticker,EACH,1,39,5,Each,5
LANTER 121720,A376147,12/16/2020,HT-330,Harris Teeter 330,1151 Tryon Village Dr,,Cary,NC,27518,919-233-3476,No comment,BB-716,919-594-0111,6606,Date Gun Label "Sell-By",ROLL,1,40,10,Each,10
LANTER 121720,A376147,12/16/2020,HT-330,Harris Teeter 330,1151 Tryon Village Dr,,Cary,NC,27518,919-233-3476,No comment,BB-716,919-594-0111,8755,Rice Cooker,EACH,1,42,1,Each,1
LANTER 121720,A376147,12/16/2020,HT-330,Harris Teeter 330,1151 Tryon Village Dr,,Cary,NC,27518,919-233-3476,No comment,BB-716,919-594-0111,8954,Apron Black,EACH,1,43,1,Each,1
LANTER 121720,A376153,12/16/2020,HT-021,Harris Teeter   21,501 Oberlin Rd.,,Raleigh,NC,27605,919-828-9216,No comment,BB-708,919-594-2818,2204,Tuna-A   (22),CS22,22,1,1,Unit,1
LANTER 121720,A376153,12/16/2020,HT-021,Harris Teeter   21,501 Oberlin Rd.,,Raleigh,NC,27605,919-828-9216,No comment,BB-708,919-594-2818,2209,Tuna C-Tatakimi 22lbs,CS22,22,2,4,Unit,4
LANTER 121720,A376153,12/16/2020,HT-021,Harris Teeter   21,501 Oberlin Rd.,,Raleigh,NC,27605,919-828-9216,No comment,BB-708,919-594-2818,2237,ASC Atlantic Salmon,CS22,22,3,4,Unit,4
LANTER 121720,A376153,12/16/2020,HT-021,Harris Teeter   21,501 Oberlin Rd.,,Raleigh,NC,27605,919-828-9216,No comment,BB-708,919-594-2818,2436,Baby Shrimp 5 lbs 4bag/CS,CS4,4,4,3,Unit,3
LANTER 121720,A376153,12/16/2020,HT-021,Harris Teeter   21,501 Oberlin Rd.,,Raleigh,NC,27605,919-828-9216,No comment,BB-708,919-594-2818,2630,Tobiko Red  12/1.1 lbs/CS,CS12,12,5,1,Unit,1
LANTER 121720,A376153,12/16/2020,HT-021,Harris Teeter   21,501 Oberlin Rd.,,Raleigh,NC,27605,919-828-9216,No comment,BB-708,919-594-2818,2810,Grilled Dumpling Shrimp 30/CS,CS30,30,6,2,Unit,2
LANTER 121720,A376153,12/16/2020,HT-021,Harris Teeter   21,501 Oberlin Rd.,,Raleigh,NC,27605,919-828-9216,No comment,BB-708,919-594-2818,2831,Crispy Chicken (Karaage) 30#/CS,CS,1,7,5,Unit,5
LANTER 121720,A376153,12/16/2020,HT-021,Harris Teeter   21,501 Oberlin Rd.,,Raleigh,NC,27605,919-828-9216,No comment,BB-708,919-594-2818,2837,Chicken Skewers (Yakitori) 20bags/cs,CS,1,43,1,Unit,1
LANTER 121720,A376153,12/16/2020,HT-021,Harris Teeter   21,501 Oberlin Rd.,,Raleigh,NC,27605,919-828-9216,No comment,BB-708,919-594-2818,6304,Warm Up Microwave Sticker,ROLL,1,48,1,,1
LANTER 121720,A376153,12/16/2020,HT-021,Harris Teeter   21,501 Oberlin Rd.,,Raleigh,NC,27605,919-828-9216,No comment,BB-708,919-594-2818,3220,Seaweed Nori 200 1/2SH,CS40,40,9,1,Unit,1
LANTER 121720,A376153,12/16/2020,HT-021,Harris Teeter   21,501 Oberlin Rd.,,Raleigh,NC,27605,919-828-9216,No comment,BB-708,919-594-2818,3290,Fried Onions 10/1kg,CS10,10,11,3,Unit,3
LANTER 121720,A376153,12/16/2020,HT-021,Harris Teeter   21,501 Oberlin Rd.,,Raleigh,NC,27605,919-828-9216,No comment,BB-708,919-594-2818,3404,Sushi Sauce Case  4/gal,CS4,4,12,1,Unit,1
LANTER 121720,A376153,12/16/2020,HT-021,Harris Teeter   21,501 Oberlin Rd.,,Raleigh,NC,27605,919-828-9216,No comment,BB-708,919-594-2818,3433,**AFC Orange Sauce,CS,1,13,2,Unit,2
LANTER 121720,A376153,12/16/2020,HT-021,Harris Teeter   21,501 Oberlin Rd.,,Raleigh,NC,27605,919-828-9216,No comment,BB-708,919-594-2818,3435,**AFC Sesame Sauce,CS,1,14,2,Unit,2
LANTER 121720,A376153,12/16/2020,HT-021,Harris Teeter   21,501 Oberlin Rd.,,Raleigh,NC,27605,919-828-9216,No comment,BB-708,919-594-2818,3443,**Classic Teriyaki Sauce 12 bag/1kg,CS12,12,15,2,Unit,2
LANTER 121720,A376153,12/16/2020,HT-021,Harris Teeter   21,501 Oberlin Rd.,,Raleigh,NC,27605,919-828-9216,No comment,BB-708,919-594-2818,5190,AFC-30 Lid Pack,CS16,16,22,2,Each,32
LANTER 121720,A376153,12/16/2020,HT-021,Harris Teeter   21,501 Oberlin Rd.,,Raleigh,NC,27605,919-828-9216,No comment,BB-708,919-594-2818,5185,AFC-30 Blue Body Pack,CS16,16,21,2,Each,32
LANTER 121720,A376153,12/16/2020,HT-021,Harris Teeter   21,501 Oberlin Rd.,,Raleigh,NC,27605,919-828-9216,No comment,BB-708,919-594-2818,5180,AFC-20 Lid  Pack,CS16,16,20,2,Each,32
LANTER 121720,A376153,12/16/2020,HT-021,Harris Teeter   21,501 Oberlin Rd.,,Raleigh,NC,27605,919-828-9216,No comment,BB-708,919-594-2818,5175,AFC-20 Blue Body Pack,CS16,16,19,2,Each,32
LANTER 121720,A376153,12/16/2020,HT-021,Harris Teeter   21,501 Oberlin Rd.,,Raleigh,NC,27605,919-828-9216,No comment,BB-708,919-594-2818,5170,AFC-5 Lid Pack,CS24,24,18,2,Each,48
LANTER 121720,A376153,12/16/2020,HT-021,Harris Teeter   21,501 Oberlin Rd.,,Raleigh,NC,27605,919-828-9216,No comment,BB-708,919-594-2818,5165,AFC-5 Blue Body Pack,CS24,24,17,2,Each,48
LANTER 121720,A376153,12/16/2020,HT-021,Harris Teeter   21,501 Oberlin Rd.,,Raleigh,NC,27605,919-828-9216,No comment,BB-708,919-594-2818,3215,Wasabi 2.2lb,CS16,16,8,1,Each,16
LANTER 121720,A376153,12/16/2020,HT-021,Harris Teeter   21,501 Oberlin Rd.,,Raleigh,NC,27605,919-828-9216,No comment,BB-708,919-594-2818,3265,Sesame Seeds 5LB,BAG,1,10,5,Each,5
LANTER 121720,A376153,12/16/2020,HT-021,Harris Teeter   21,501 Oberlin Rd.,,Raleigh,NC,27605,919-828-9216,No comment,BB-708,919-594-2818,3615,Grated Wasabi,CS20,20,16,2,Unit,2
LANTER 121720,A376153,12/16/2020,HT-021,Harris Teeter   21,501 Oberlin Rd.,,Raleigh,NC,27605,919-828-9216,No comment,BB-708,919-594-2818,5645,SF-55 White Bowl Body 50pc,CS12,12,23,2,Each,24
LANTER 121720,A376153,12/16/2020,HT-021,Harris Teeter   21,501 Oberlin Rd.,,Raleigh,NC,27605,919-828-9216,No comment,BB-708,919-594-2818,5646,SF-55 Bowl Lid 50pc,CS12,12,24,2,Each,24
LANTER 121720,A376153,12/16/2020,HT-021,Harris Teeter   21,501 Oberlin Rd.,,Raleigh,NC,27605,919-828-9216,No comment,BB-708,919-594-2818,6120,Chopstick 100PR,PK,1,25,30,Each,30
LANTER 121720,A376153,12/16/2020,HT-021,Harris Teeter   21,501 Oberlin Rd.,,Raleigh,NC,27605,919-828-9216,No comment,BB-708,919-594-2818,6208,Thermo Vertical Blue #3,CS16,16,26,2,Each,32
LANTER 121720,A376153,12/16/2020,HT-021,Harris Teeter   21,501 Oberlin Rd.,,Raleigh,NC,27605,919-828-9216,No comment,BB-708,919-594-2818,6606,Date Gun Label "Sell-By",ROLL,1,27,6,Each,6
LANTER 121720,A376153,12/16/2020,HT-021,Harris Teeter   21,501 Oberlin Rd.,,Raleigh,NC,27605,919-828-9216,No comment,BB-708,919-594-2818,6666,Brown Rice Sticker Clear,EACH,1,28,2,Each,2
LANTER 121720,A376166,12/16/2020,HT-342,Harris Teeter 342,1605 New Garden Rd.,,Greensboro,NC,27410,336-855-9095,No comment,T-339,718-288-5527,2204,Tuna-A   (22),CS22,22,1,3,Unit,3
LANTER 121720,A376166,12/16/2020,HT-342,Harris Teeter 342,1605 New Garden Rd.,,Greensboro,NC,27410,336-855-9095,No comment,T-339,718-288-5527,2209,Tuna C-Tatakimi 22lbs,CS22,22,2,2,Unit,2
LANTER 121720,A376166,12/16/2020,HT-342,Harris Teeter 342,1605 New Garden Rd.,,Greensboro,NC,27410,336-855-9095,No comment,T-339,718-288-5527,2237,ASC Atlantic Salmon,CS22,22,3,2,Unit,2
LANTER 121720,A376166,12/16/2020,HT-342,Harris Teeter 342,1605 New Garden Rd.,,Greensboro,NC,27410,336-855-9095,No comment,T-339,718-288-5527,2406,Shrimp Tray Vannamei 20tray/CS,CS20,20,4,2,Unit,2
LANTER 121720,A376166,12/16/2020,HT-342,Harris Teeter 342,1605 New Garden Rd.,,Greensboro,NC,27410,336-855-9095,No comment,T-339,718-288-5527,2418,Tempura Shrimp 10Pc 15tray/CS,CS15,15,5,2,Unit,2
LANTER 121720,A376166,12/16/2020,HT-342,Harris Teeter 342,1605 New Garden Rd.,,Greensboro,NC,27410,336-855-9095,No comment,T-339,718-288-5527,2436,Baby Shrimp 5 lbs 4bag/CS,CS4,4,6,3,Unit,3
LANTER 121720,A376166,12/16/2020,HT-342,Harris Teeter 342,1605 New Garden Rd.,,Greensboro,NC,27410,336-855-9095,No comment,T-339,718-288-5527,2440,Crab Stick Imi  H.G. CS16,CS16,16,7,7,Unit,7
LANTER 121720,A376166,12/16/2020,HT-342,Harris Teeter 342,1605 New Garden Rd.,,Greensboro,NC,27410,336-855-9095,No comment,T-339,718-288-5527,2442,AFC Crab Shredded CS16,CS16,16,8,3,Unit,3
LANTER 121720,A376166,12/16/2020,HT-342,Harris Teeter 342,1605 New Garden Rd.,,Greensboro,NC,27410,336-855-9095,No comment,T-339,718-288-5527,2837,Chicken Skewers (Yakitori) 20bags/cs,CS,1,49,1,Unit,1
LANTER 121720,A376166,12/16/2020,HT-342,Harris Teeter 342,1605 New Garden Rd.,,Greensboro,NC,27410,336-855-9095,No comment,T-339,718-288-5527,3210,Ginger B 20LB,EACH,1,9,2,Unit,2
LANTER 121720,A376166,12/16/2020,HT-342,Harris Teeter 342,1605 New Garden Rd.,,Greensboro,NC,27410,336-855-9095,No comment,T-339,718-288-5527,6304,Warm Up Microwave Sticker,ROLL,1,54,1,,1
LANTER 121720,A376166,12/16/2020,HT-342,Harris Teeter 342,1605 New Garden Rd.,,Greensboro,NC,27410,336-855-9095,No comment,T-339,718-288-5527,3245,PREMIUM RICE 40 lbs,BAG,1,13,2,Unit,2
LANTER 121720,A376166,12/16/2020,HT-342,Harris Teeter 342,1605 New Garden Rd.,,Greensboro,NC,27410,336-855-9095,No comment,T-339,718-288-5527,3246,AFC Brown Rice  40#,BAG,1,14,1,Unit,1
LANTER 121720,A376166,12/16/2020,HT-342,Harris Teeter 342,1605 New Garden Rd.,,Greensboro,NC,27410,336-855-9095,No comment,T-339,718-288-5527,3256,Vinegar  H-100 Natural 5.28gal,CS,1,15,2,Unit,2
LANTER 121720,A376166,12/16/2020,HT-342,Harris Teeter 342,1605 New Garden Rd.,,Greensboro,NC,27410,336-855-9095,No comment,T-339,718-288-5527,3220,Seaweed Nori 200 1/2SH,CS40,40,11,1,Unit,1
LANTER 121720,A376166,12/16/2020,HT-342,Harris Teeter 342,1605 New Garden Rd.,,Greensboro,NC,27410,336-855-9095,No comment,T-339,718-288-5527,3235,Soy Sauce L/S 1000 pc,CS,1,12,5,Unit,5
LANTER 121720,A376166,12/16/2020,HT-342,Harris Teeter 342,1605 New Garden Rd.,,Greensboro,NC,27410,336-855-9095,No comment,T-339,718-288-5527,3280,Tapioca (Spring Roll Wrap) Paper 50pc,CS10,10,17,1,Unit,1
LANTER 121720,A376166,12/16/2020,HT-342,Harris Teeter 342,1605 New Garden Rd.,,Greensboro,NC,27410,336-855-9095,No comment,T-339,718-288-5527,3290,Fried Onions 10/1kg,CS10,10,18,1,Unit,1
LANTER 121720,A376166,12/16/2020,HT-342,Harris Teeter 342,1605 New Garden Rd.,,Greensboro,NC,27410,336-855-9095,No comment,T-339,718-288-5527,3418,Sweet  Chili SA 200,CS,1,19,1,Unit,1
LANTER 121720,A376166,12/16/2020,HT-342,Harris Teeter 342,1605 New Garden Rd.,,Greensboro,NC,27410,336-855-9095,No comment,T-339,718-288-5527,5190,AFC-30 Lid Pack,CS16,16,27,1,Each,16
LANTER 121720,A376166,12/16/2020,HT-342,Harris Teeter 342,1605 New Garden Rd.,,Greensboro,NC,27410,336-855-9095,No comment,T-339,718-288-5527,5185,AFC-30 Blue Body Pack,CS16,16,26,1,Each,16
LANTER 121720,A376166,12/16/2020,HT-342,Harris Teeter 342,1605 New Garden Rd.,,Greensboro,NC,27410,336-855-9095,No comment,T-339,718-288-5527,5170,AFC-5 Lid Pack,PK,1,25,4,Each,4
LANTER 121720,A376166,12/16/2020,HT-342,Harris Teeter 342,1605 New Garden Rd.,,Greensboro,NC,27410,336-855-9095,No comment,T-339,718-288-5527,5160,AFC-4 Lid  Pack,CS24,24,24,2,Each,48
LANTER 121720,A376166,12/16/2020,HT-342,Harris Teeter 342,1605 New Garden Rd.,,Greensboro,NC,27410,336-855-9095,No comment,T-339,718-288-5527,5155,AFC-4 Blue Body Pack,CS24,24,23,2,Each,48
LANTER 121720,A376166,12/16/2020,HT-342,Harris Teeter 342,1605 New Garden Rd.,,Greensboro,NC,27410,336-855-9095,No comment,T-339,718-288-5527,3215,Wasabi 2.2lb,CS16,16,10,1,Each,16
LANTER 121720,A376166,12/16/2020,HT-342,Harris Teeter 342,1605 New Garden Rd.,,Greensboro,NC,27410,336-855-9095,No comment,T-339,718-288-5527,3265,Sesame Seeds 5LB,BAG,1,16,1,Each,1
LANTER 121720,A376166,12/16/2020,HT-342,Harris Teeter 342,1605 New Garden Rd.,,Greensboro,NC,27410,336-855-9095,No comment,T-339,718-288-5527,3424,Spicy Sesame Oil,BOT,1,20,1,Each,1
LANTER 121720,A376166,12/16/2020,HT-342,Harris Teeter 342,1605 New Garden Rd.,,Greensboro,NC,27410,336-855-9095,No comment,T-339,718-288-5527,3605,Sushi Gari BOT,CS12,12,21,2,Unit,2
LANTER 121720,A376166,12/16/2020,HT-342,Harris Teeter 342,1605 New Garden Rd.,,Greensboro,NC,27410,336-855-9095,No comment,T-339,718-288-5527,3610,R Sesame 4oz,CS12,12,22,2,Unit,2
LANTER 121720,A376166,12/16/2020,HT-342,Harris Teeter 342,1605 New Garden Rd.,,Greensboro,NC,27410,336-855-9095,No comment,T-339,718-288-5527,5412,AFC-18 White Body,PK,1,28,4,Each,4
LANTER 121720,A376166,12/16/2020,HT-342,Harris Teeter 342,1605 New Garden Rd.,,Greensboro,NC,27410,336-855-9095,No comment,T-339,718-288-5527,5416,AFC-18 Lid  50 pcs,PK,1,29,4,Each,4
LANTER 121720,A376166,12/16/2020,HT-342,Harris Teeter 342,1605 New Garden Rd.,,Greensboro,NC,27410,336-855-9095,No comment,T-339,718-288-5527,5827,COP-18 Poke Bowl  Body Pk,CS12,12,30,1,Each,12
LANTER 121720,A376166,12/16/2020,HT-342,Harris Teeter 342,1605 New Garden Rd.,,Greensboro,NC,27410,336-855-9095,No comment,T-339,718-288-5527,5829,COP-18 Poke Bowl  Lid  Pk,CS12,12,31,1,Each,12
LANTER 121720,A376166,12/16/2020,HT-342,Harris Teeter 342,1605 New Garden Rd.,,Greensboro,NC,27410,336-855-9095,No comment,T-339,718-288-5527,6120,Chopstick 100PR,PK,1,32,5,Each,5
LANTER 121720,A376166,12/16/2020,HT-342,Harris Teeter 342,1605 New Garden Rd.,,Greensboro,NC,27410,336-855-9095,No comment,T-339,718-288-5527,6208,Thermo Vertical Blue #3,CS16,16,33,1,Each,16
LANTER 121720,A376166,12/16/2020,HT-342,Harris Teeter 342,1605 New Garden Rd.,,Greensboro,NC,27410,336-855-9095,No comment,T-339,718-288-5527,6606,Date Gun Label "Sell-By",ROLL,1,34,8,Each,8
LANTER 121720,A376169,12/16/2020,PUB0461,Publix   461,2035 Mt. Zion Rd.,,Morrow,GA,30260,770-472-4000,No comment,I-722,678-612-5072,2237,ASC Atlantic Salmon,CS22,22,1,3,Unit,3
LANTER 121720,A376169,12/16/2020,PUB0461,Publix   461,2035 Mt. Zion Rd.,,Morrow,GA,30260,770-472-4000,No comment,I-722,678-612-5072,2244,Salmon Grilled  Coho Roast Fzn  22/CS,CS,1,51,2,Unit,2
LANTER 121720,A376169,12/16/2020,PUB0461,Publix   461,2035 Mt. Zion Rd.,,Morrow,GA,30260,770-472-4000,No comment,I-722,678-612-5072,2406,Shrimp Tray Vannamei 20tray/CS,CS20,20,2,1,Unit,1
LANTER 121720,A376169,12/16/2020,PUB0461,Publix   461,2035 Mt. Zion Rd.,,Morrow,GA,30260,770-472-4000,No comment,I-722,678-612-5072,2418,Tempura Shrimp 10Pc 15tray/CS,CS15,15,3,10,Unit,10
LANTER 121720,A376169,12/16/2020,PUB0461,Publix   461,2035 Mt. Zion Rd.,,Morrow,GA,30260,770-472-4000,No comment,I-722,678-612-5072,2436,Baby Shrimp 5 lbs 4bag/CS,CS4,4,4,3,Unit,3
LANTER 121720,A376169,12/16/2020,PUB0461,Publix   461,2035 Mt. Zion Rd.,,Morrow,GA,30260,770-472-4000,No comment,I-722,678-612-5072,2440,Crab Stick Imi  H.G. CS16,CS16,16,5,6,Unit,6
LANTER 121720,A376169,12/16/2020,PUB0461,Publix   461,2035 Mt. Zion Rd.,,Morrow,GA,30260,770-472-4000,No comment,I-722,678-612-5072,2442,AFC Crab Shredded CS16,CS16,16,6,2,Unit,2
LANTER 121720,A376169,12/16/2020,PUB0461,Publix   461,2035 Mt. Zion Rd.,,Morrow,GA,30260,770-472-4000,No comment,I-722,678-612-5072,2606,Natural Tempura Crispy 6bag/CS,CS6,6,7,3,Unit,3
LANTER 121720,A376169,12/16/2020,PUB0461,Publix   461,2035 Mt. Zion Rd.,,Morrow,GA,30260,770-472-4000,No comment,I-722,678-612-5072,2672,Seabreeze Salad  24/1.1  LBS/CS,CS24,24,8,2,Unit,2
LANTER 121720,A376169,12/16/2020,PUB0461,Publix   461,2035 Mt. Zion Rd.,,Morrow,GA,30260,770-472-4000,No comment,I-722,678-612-5072,2678,Calamari Salad  24/1.1 lbs/CS,CS24,24,9,1,Unit,1
LANTER 121720,A376169,12/16/2020,PUB0461,Publix   461,2035 Mt. Zion Rd.,,Morrow,GA,30260,770-472-4000,No comment,I-722,678-612-5072,2810,Grilled Dumpling Shrimp 30/CS,CS30,30,10,3,Unit,3
LANTER 121720,A376169,12/16/2020,PUB0461,Publix   461,2035 Mt. Zion Rd.,,Morrow,GA,30260,770-472-4000,No comment,I-722,678-612-5072,2837,Chicken Skewers (Yakitori) 20bags/cs,CS,1,66,1,Unit,1
LANTER 121720,A376169,12/16/2020,PUB0461,Publix   461,2035 Mt. Zion Rd.,,Morrow,GA,30260,770-472-4000,No comment,I-722,678-612-5072,6304,Warm Up Microwave Sticker,ROLL,1,71,1,,1
LANTER 121720,A376169,12/16/2020,PUB0461,Publix   461,2035 Mt. Zion Rd.,,Morrow,GA,30260,770-472-4000,No comment,I-722,678-612-5072,8178,Towel Disposable,PACK,1,35,1,Each,1
LANTER 121720,A376169,12/16/2020,PUB0461,Publix   461,2035 Mt. Zion Rd.,,Morrow,GA,30260,770-472-4000,No comment,I-722,678-612-5072,8180,Wax Paper,EACH,1,36,1,Each,1
LANTER 121720,A376169,12/16/2020,PUB0461,Publix   461,2035 Mt. Zion Rd.,,Morrow,GA,30260,770-472-4000,No comment,I-722,678-612-5072,3220,Seaweed Nori 200 1/2SH,CS40,40,12,1,Unit,1
LANTER 121720,A376169,12/16/2020,PUB0461,Publix   461,2035 Mt. Zion Rd.,,Morrow,GA,30260,770-472-4000,No comment,I-722,678-612-5072,3290,Fried Onions 10/1kg,CS10,10,14,2,Unit,2
LANTER 121720,A376169,12/16/2020,PUB0461,Publix   461,2035 Mt. Zion Rd.,,Morrow,GA,30260,770-472-4000,No comment,I-722,678-612-5072,3404,Sushi Sauce Case  4/gal,CS4,4,15,2,Unit,2
LANTER 121720,A376169,12/16/2020,PUB0461,Publix   461,2035 Mt. Zion Rd.,,Morrow,GA,30260,770-472-4000,No comment,I-722,678-612-5072,3660,Veg. Miso Soup 24/CS,CS,1,19,2,Unit,2
LANTER 121720,A376169,12/16/2020,PUB0461,Publix   461,2035 Mt. Zion Rd.,,Morrow,GA,30260,770-472-4000,No comment,I-722,678-612-5072,5190,AFC-30 Lid Pack,CS16,16,25,8,Each,128
LANTER 121720,A376169,12/16/2020,PUB0461,Publix   461,2035 Mt. Zion Rd.,,Morrow,GA,30260,770-472-4000,No comment,I-722,678-612-5072,5186,AFC-30 Clear Body,CS16,16,24,8,Each,128
LANTER 121720,A376169,12/16/2020,PUB0461,Publix   461,2035 Mt. Zion Rd.,,Morrow,GA,30260,770-472-4000,No comment,I-722,678-612-5072,5180,AFC-20 Lid  Pack,CS16,16,23,1,Each,16
LANTER 121720,A376169,12/16/2020,PUB0461,Publix   461,2035 Mt. Zion Rd.,,Morrow,GA,30260,770-472-4000,No comment,I-722,678-612-5072,5176,AFC-20 Clear Body,CS16,16,22,1,Each,16
LANTER 121720,A376169,12/16/2020,PUB0461,Publix   461,2035 Mt. Zion Rd.,,Morrow,GA,30260,770-472-4000,No comment,I-722,678-612-5072,3215,Wasabi 2.2lb,PK,1,11,12,Each,12
LANTER 121720,A376169,12/16/2020,PUB0461,Publix   461,2035 Mt. Zion Rd.,,Morrow,GA,30260,770-472-4000,No comment,I-722,678-612-5072,3265,Sesame Seeds 5LB,BAG,1,13,3,Each,3
LANTER 121720,A376169,12/16/2020,PUB0461,Publix   461,2035 Mt. Zion Rd.,,Morrow,GA,30260,770-472-4000,No comment,I-722,678-612-5072,3605,Sushi Gari BOT,CS12,12,16,4,Unit,4
LANTER 121720,A376169,12/16/2020,PUB0461,Publix   461,2035 Mt. Zion Rd.,,Morrow,GA,30260,770-472-4000,No comment,I-722,678-612-5072,3610,R Sesame 4oz,CS12,12,17,1,Unit,1
LANTER 121720,A376169,12/16/2020,PUB0461,Publix   461,2035 Mt. Zion Rd.,,Morrow,GA,30260,770-472-4000,No comment,I-722,678-612-5072,3615,Grated Wasabi,CS20,20,18,1,Unit,1
LANTER 121720,A376169,12/16/2020,PUB0461,Publix   461,2035 Mt. Zion Rd.,,Morrow,GA,30260,770-472-4000,No comment,I-722,678-612-5072,5145,AFC-16 Clear Body,PK,1,20,4,Each,4
LANTER 121720,A376169,12/16/2020,PUB0461,Publix   461,2035 Mt. Zion Rd.,,Morrow,GA,30260,770-472-4000,No comment,I-722,678-612-5072,5150,AFC-16 Lid  Pack,PK,1,21,4,Each,4
LANTER 121720,A376169,12/16/2020,PUB0461,Publix   461,2035 Mt. Zion Rd.,,Morrow,GA,30260,770-472-4000,No comment,I-722,678-612-5072,5840,Cup 90MB 4 oz  50pc,PK,1,26,8,Each,8
LANTER 121720,A376169,12/16/2020,PUB0461,Publix   461,2035 Mt. Zion Rd.,,Morrow,GA,30260,770-472-4000,No comment,I-722,678-612-5072,5845,Cup 90TC 4 oz Lid  50 pc,PK,1,27,8,Each,8
LANTER 121720,A376169,12/16/2020,PUB0461,Publix   461,2035 Mt. Zion Rd.,,Morrow,GA,30260,770-472-4000,No comment,I-722,678-612-5072,6110,Baran Box 1000 pcs,PK,1,28,8,Each,8
LANTER 121720,A376169,12/16/2020,PUB0461,Publix   461,2035 Mt. Zion Rd.,,Morrow,GA,30260,770-472-4000,No comment,I-722,678-612-5072,6120,Chopstick 100PR,PK,1,29,20,Each,20
LANTER 121720,A376169,12/16/2020,PUB0461,Publix   461,2035 Mt. Zion Rd.,,Morrow,GA,30260,770-472-4000,No comment,I-722,678-612-5072,6208,Thermo Vertical Blue #3,ROLL,1,30,6,Each,6
LANTER 121720,A376169,12/16/2020,PUB0461,Publix   461,2035 Mt. Zion Rd.,,Morrow,GA,30260,770-472-4000,No comment,I-722,678-612-5072,6208,Thermo Vertical Blue #3,CS16,16,31,1,Each,16
LANTER 121720,A376169,12/16/2020,PUB0461,Publix   461,2035 Mt. Zion Rd.,,Morrow,GA,30260,770-472-4000,No comment,I-722,678-612-5072,6606,Date Gun Label "Sell-By",ROLL,1,32,4,Each,4
LANTER 121720,A376169,12/16/2020,PUB0461,Publix   461,2035 Mt. Zion Rd.,,Morrow,GA,30260,770-472-4000,No comment,I-722,678-612-5072,6642,P Spicy Sauce L 250 Ribbon,ROLL,1,33,1,Each,1
LANTER 121720,A376169,12/16/2020,PUB0461,Publix   461,2035 Mt. Zion Rd.,,Morrow,GA,30260,770-472-4000,No comment,I-722,678-612-5072,6675,Prep Item Label 500,ROLL,1,34,1,Each,1
LANTER 121720,A376180,12/16/2020,PUB1652,Publix 1652,417 W Peace St.,,Raleigh,NC,27603,--,No comment,EE-206,703-488-0395,2237,ASC Atlantic Salmon,CS22,22,1,2,Unit,2
LANTER 121720,A376180,12/16/2020,PUB1652,Publix 1652,417 W Peace St.,,Raleigh,NC,27603,--,No comment,EE-206,703-488-0395,2244,Salmon Grilled  Coho Roast Fzn  22/CS,CS,1,41,2,Unit,2
LANTER 121720,A376180,12/16/2020,PUB1652,Publix 1652,417 W Peace St.,,Raleigh,NC,27603,--,No comment,EE-206,703-488-0395,2406,Shrimp Tray Vannamei 20tray/CS,CS20,20,2,2,Unit,2
LANTER 121720,A376180,12/16/2020,PUB1652,Publix 1652,417 W Peace St.,,Raleigh,NC,27603,--,No comment,EE-206,703-488-0395,2418,Tempura Shrimp 10Pc 15tray/CS,CS15,15,3,2,Unit,2
LANTER 121720,A376180,12/16/2020,PUB1652,Publix 1652,417 W Peace St.,,Raleigh,NC,27603,--,No comment,EE-206,703-488-0395,2436,Baby Shrimp 5 lbs 4bag/CS,CS4,4,4,2,Unit,2
LANTER 121720,A376180,12/16/2020,PUB1652,Publix 1652,417 W Peace St.,,Raleigh,NC,27603,--,No comment,EE-206,703-488-0395,2442,AFC Crab Shredded CS16,CS16,16,5,2,Unit,2
LANTER 121720,A376180,12/16/2020,PUB1652,Publix 1652,417 W Peace St.,,Raleigh,NC,27603,--,No comment,EE-206,703-488-0395,2672,Seabreeze Salad  24/1.1  LBS/CS,CS24,24,6,2,Unit,2
LANTER 121720,A376180,12/16/2020,PUB1652,Publix 1652,417 W Peace St.,,Raleigh,NC,27603,--,No comment,EE-206,703-488-0395,2678,Calamari Salad  24/1.1 lbs/CS,CS24,24,7,1,Unit,1
LANTER 121720,A376180,12/16/2020,PUB1652,Publix 1652,417 W Peace St.,,Raleigh,NC,27603,--,No comment,EE-206,703-488-0395,2810,Grilled Dumpling Shrimp 30/CS,CS30,30,8,2,Unit,2
LANTER 121720,A376180,12/16/2020,PUB1652,Publix 1652,417 W Peace St.,,Raleigh,NC,27603,--,No comment,EE-206,703-488-0395,2837,Chicken Skewers (Yakitori) 20bags/cs,CS,1,56,1,Unit,1
LANTER 121720,A376180,12/16/2020,PUB1652,Publix 1652,417 W Peace St.,,Raleigh,NC,27603,--,No comment,EE-206,703-488-0395,6304,Warm Up Microwave Sticker,ROLL,1,61,1,,1
LANTER 121720,A376180,12/16/2020,PUB1652,Publix 1652,417 W Peace St.,,Raleigh,NC,27603,--,No comment,EE-206,703-488-0395,3245,PREMIUM RICE 40 lbs,BAG,1,9,5,Unit,5
LANTER 121720,A376180,12/16/2020,PUB1652,Publix 1652,417 W Peace St.,,Raleigh,NC,27603,--,No comment,EE-206,703-488-0395,3280,Tapioca (Spring Roll Wrap) Paper 50pc,CS10,10,11,1,Unit,1
LANTER 121720,A376180,12/16/2020,PUB1652,Publix 1652,417 W Peace St.,,Raleigh,NC,27603,--,No comment,EE-206,703-488-0395,3418,Sweet  Chili SA 200,CS,1,12,2,Unit,2
LANTER 121720,A376180,12/16/2020,PUB1652,Publix 1652,417 W Peace St.,,Raleigh,NC,27603,--,No comment,EE-206,703-488-0395,3655,Tofu Miso Soup 24/CS,CS,1,17,2,Unit,2
LANTER 121720,A376180,12/16/2020,PUB1652,Publix 1652,417 W Peace St.,,Raleigh,NC,27603,--,No comment,EE-206,703-488-0395,5199,AFC-40 Lid Pack,CS16,16,23,2,Each,32
LANTER 121720,A376180,12/16/2020,PUB1652,Publix 1652,417 W Peace St.,,Raleigh,NC,27603,--,No comment,EE-206,703-488-0395,5186,AFC-30 Clear Body,CS16,16,21,5,Each,80
LANTER 121720,A376180,12/16/2020,PUB1652,Publix 1652,417 W Peace St.,,Raleigh,NC,27603,--,No comment,EE-206,703-488-0395,5186,AFC-30 Clear Body,PK,1,22,5,Each,5
LANTER 121720,A376180,12/16/2020,PUB1652,Publix 1652,417 W Peace St.,,Raleigh,NC,27603,--,No comment,EE-206,703-488-0395,3265,Sesame Seeds 5LB,BAG,1,10,1,Each,1
LANTER 121720,A376180,12/16/2020,PUB1652,Publix 1652,417 W Peace St.,,Raleigh,NC,27603,--,No comment,EE-206,703-488-0395,3424,Spicy Sesame Oil,BOT,1,13,1,Each,1
LANTER 121720,A376180,12/16/2020,PUB1652,Publix 1652,417 W Peace St.,,Raleigh,NC,27603,--,No comment,EE-206,703-488-0395,3635,Retail Sushi Seaweed 50pk,CS,1,16,1,Unit,1
LANTER 121720,A376180,12/16/2020,PUB1652,Publix 1652,417 W Peace St.,,Raleigh,NC,27603,--,No comment,EE-206,703-488-0395,3605,Sushi Gari BOT,CS12,12,14,1,Unit,1
LANTER 121720,A376180,12/16/2020,PUB1652,Publix 1652,417 W Peace St.,,Raleigh,NC,27603,--,No comment,EE-206,703-488-0395,3615,Grated Wasabi,CS20,20,15,1,Unit,1
LANTER 121720,A376180,12/16/2020,PUB1652,Publix 1652,417 W Peace St.,,Raleigh,NC,27603,--,No comment,EE-206,703-488-0395,5145,AFC-16 Clear Body,PK,1,19,8,Each,8
LANTER 121720,A376180,12/16/2020,PUB1652,Publix 1652,417 W Peace St.,,Raleigh,NC,27603,--,No comment,EE-206,703-488-0395,5150,AFC-16 Lid  Pack,PK,1,20,8,Each,8
LANTER 121720,A376180,12/16/2020,PUB1652,Publix 1652,417 W Peace St.,,Raleigh,NC,27603,--,No comment,EE-206,703-488-0395,5829,COP-18 Poke Bowl  Lid  Pk,PK,1,24,8,Each,8
LANTER 121720,A376180,12/16/2020,PUB1652,Publix 1652,417 W Peace St.,,Raleigh,NC,27603,--,No comment,EE-206,703-488-0395,6208,Thermo Vertical Blue #3,CS16,16,25,1,Each,16
LANTER 121720,A376180,12/16/2020,PUB1652,Publix 1652,417 W Peace St.,,Raleigh,NC,27603,--,No comment,EE-206,703-488-0395,3809,Color Soy Wrap,PK,1,18,2,Unit,2
LANTER 121720,A376180,12/16/2020,PUB1652,Publix 1652,417 W Peace St.,,Raleigh,NC,27603,--,No comment,EE-206,703-488-0395,6606,Date Gun Label "Sell-By",ROLL,1,26,5,Each,5
