ProductCode,ProductName,Price,UOM,IsActive
0001_UOMEACH,US FOODS INV.,1.0000,EACH,yes
0002_UOMEACH,Big Apple Invoice,1.0000,EACH,yes
0003_UOMEACH,Ramar Foods Inv.,1.0000,EACH,yes
0004_UOMEACH,Kilauea Inv.,1.0000,EACH,yes
0005_UOMEACH,Redondo's Invoice,121.3400,EACH,yes
0006_UOMEACH,Cherry Co. Invoice,1.0000,EACH,yes
0007_UOMEACH,L&C Food Distribution,0.8000,EACH,yes
0008_UOMEACH,Karat Lollicup Inv.,1.0000,EACH,yes
0013_UOMEACH,Tape,1.3900,EACH,yes
2201_UOMCS11,Amberjack (Yellowtail)  11 lbs,141.2400,CS11,yes
2201_UOMLBS,Yellow Tail Loin,12.6500,LBS,no
2202_UOMCS,Albacore Loin 11 lbs/CS,79.9700,CS,no
2203_UOMCS,Tuna-AA  11#/BX,110.0000,CS,no
2204_UOMCS22,Tuna-A   (22),245.6300,CS22,yes
2204_UOMLBS,Tuna-A   (22),11.9500,LBS,no
2205_UOMCS22,Tuna- Block  22/CS,176.0000,CS22,no
2205_UOMLBS,Tuna- Block  22/CS,8.0000,LBS,no
2206_UOMCS,Tuna- NTC  AAA  22lbs/CS,242.0000,CS,no
2207_UOMCS,Albacore 22lbs.,174.4000,CS,no
2207_UOMCS22,Albacore 22lbs.,171.8200,CS22,no
2207_UOMlb,Albacore 22lbs.,7.8100,lb,no
2208_UOMCS22,Tuna-NTC    C    (22)/CS,165.0000,CS22,no
2208_UOMLBS,Tuna-NTC    C    (22)/CS,7.5000,LBS,no
2209_UOMCS22,Tuna C-Tatakimi 22lbs,167.4800,CS22,yes
2209_UOMLBS,Tuna C-Tatakimi 22lbs,7.5000,LBS,no
2210_UOMCS,Tuna-Saku Yellow Fin,253.0000,CS,no
2210_UOMCS22,MSC Tuna A,255.0000,CS22,yes
2211_UOMCS,MSC Albacore 22,200.2000,CS,yes
2212_UOMCS22,Tuna w/ skin,220.0000,CS22,no
2212_UOMLBS,Tuna w/ skin,10.0000,LBS,no
2213_UOMCS,MSC Tuna Tatakimi 22,175.4500,CS,no
2216_UOMCS35,Tuna Tray,238.0200,CS35,yes
2216_UOMTRAY,Tuna Tray,6.7000,TRAY,no
2220_UOMCS22,Smk Steelhead Loin   (24),242.0000,CS22,no
2220_UOMCS24,Smk Steelhead Loin   (24),264.0000,CS24,no
2220_UOMLBS,Smk Steelhead Loin   (24),11.0000,LBS,no
2224_UOMCS22,Froz Steelhead Fillet   (22),192.5000,CS22,no
2224_UOMCS24,Froz Steelhead Fillet   (22),210.0000,CS24,no
2224_UOMLBS,Froz Steelhead Fillet   (22),8.7500,LBS,no
2228_UOMCS22,Salmon Atl Hann   (22),264.8800,CS22,no
2228_UOMLBS,Salmon Atl Hann   (22),12.0400,LBS,no
2232_UOMCS24,Smoked Atlantic  Salmon   (24),274.0500,CS24,yes
2232_UOMLBS,Smoked Atlantic  Salmon   (24),11.2500,LBS,no
2234_UOMCS22,Atlantic Salmon Bits and Pieces,139.1500,CS22,no
2236_UOMCS22,Atlantic Salmon 22,222.1800,CS22,no
2236_UOMCS24,Atlantic Salmon 22,230.0000,CS24,no
2236_UOMCS33,Atlantic Salmon 22,328.3500,CS33,no
2236_UOMLBS,Atlantic Salmon (24),9.9500,LBS,no
2236_UOMLBS,Atlantic Salmon (24),9.9500,LBS,no
2237_UOMCS22,ASC Atlantic Salmon,190.0000,CS22,yes
2237_UOMCS33,ASC Atlantic Salmon,328.3500,CS33,no
2238_UOMCS10,Pre Cut Atlantic Salmon 10/CS,121.8000,CS10,no
2240_UOMCS22,Salmon with Skin,161.8900,CS22,yes
2240_UOMCS33,Salmon with Skin,239.2500,CS33,yes
2240_UOMLBS,Salmon with Skin,7.2500,LBS,no
2244_UOMCS,Salmon.Grilled  Coho Roast Fzn. 22/CS,269.9900,CS,yes
2245_UOMLBS,Sockeye Salmon Fil,12.6300,LBS,no
2248_UOMCS10,Tilapia Fillet   10 lbs box,62.6800,CS10,no
2248_UOMCS11,Tilapia Fillet   11 lbs box,71.5000,CS11,no
2248_UOMCS22,Tilapia Fillet   11 lbs box,132.0000,CS22,no
2248_UOMLBS,Tilapia Fillet   11 lbs box,7.0000,LBS,no
2249_UOMCS10,Tilapia Fiflet  10#/CS Tristan,82.9500,CS10,no
2252_UOMCS11,Fresh Water Eel   (11),230.4000,CS11,yes
2252_UOMCS22,Fresh Water Eel   (11),383.9000,CS22,no
2252_UOMLBS,Fresh Water Eel   (11),17.4500,LBS,no
2256_UOMCS16,Fresh Water Eel 20P Tray,120.0000,CS16,no
2256_UOMTRAY,Fresh Water Eel 20P,7.5000,TRAY,no
2259_UOMCS24,Unakaba. Imitation Eel 4/24/CS,21.1200,CS24,no
2259_UOMCS96,Unakaba. Imitation Eel 4/24/CS,84.4800,CS96,yes
2260_UOMCS20,Minced Fr Wtr Eel 20PK,240.0000,CS20,no
2260_UOMCS22,Minced Fr Wtr Eel 22PK,240.0200,CS22,no
2260_UOMPK,Minced Fr Wtr Eel 20PK,10.9100,PK,no
2268_UOMCS12,Baby Octopus 12/2.2 lbs/CS,207.2400,CS12,no
2268_UOMPK,Baby Octopus 12/2.2 lbs/CS,17.2700,PK,no
2272_UOMCS12,Squid 20P 12tray/CS,62.7600,CS12,no
2272_UOMCS25,Squid 20P 25tray/CS,130.7500,CS25,no
2272_UOMTRAY,Squid 20P 12tray/CS,5.2300,TRAY,no
2276_UOMCS12,Octopus 20P 12 tray/CS,72.0000,CS12,no
2276_UOMCS25,Octopus 20P 25tray/CS,150.0000,CS25,no
2276_UOMTRAY,Octopus 20P 12 tray/CS,6.0000,TRAY,no
2280_UOMEACH,Shime Saba 15 Pc,2.3000,EACH,no
2406_UOMCS20,Shrimp Tray Vannamei 20tray/CS,161.9900,CS20,yes
2406_UOMTRAY,Shrimp Tray Vannamei 20tray/CS,8.4000,TRAY,no
2412_UOMBAG,Shrimp Broken 20bag/CS,6.1200,BAG,no
2412_UOMCS10,Shrimp Broken,122.4000,CS10,no
2412_UOMCS20,Shrimp Broken 20bag/CS,122.4000,CS20,no
2418_UOMCS15,Tempura Shrimp 10Pc 15tray/CS,92.5700,CS15,yes
2418_UOMTRAY,Tempura Shrimp 10Pc 15tray/CS,6.4000,TRAY,no
2420_UOMCS,Tempura Shrimp Gluten Free,57.1000,CS,no
2424_UOMCS,Shrimp Tray Hannaford 30/30pc,225.0000,CS,no
2430_UOMCS,Shr Tempura Han 100pc/CS,44.4000,CS,no
2432_UOMCS,Special Tempura/Hot Bowl 10p/16tray/CS,57.6000,CS,no
2436_UOMBAG,Baby Shrimp 5 lbs 4bag/CS,45.0000,BAG,no
2436_UOMCS4,Baby Shrimp 5 lbs 4bag/CS,182.7000,CS4,yes
2440_UOMCS16,Crab Stick Imi  H.G. CS16,98.5600,CS16,yes
2440_UOMPK,Crab Stick Imi  H.G. CS16,5.9000,PK,no
2441_UOMCS16,Crab Flake Imi  H.G.CS16,89.6000,CS16,no
2441_UOMPK,Crab Flake Imi  H.G.CS16,5.9000,PK,no
2442_UOMCS16,AFC Crab Shredded CS16,98.5600,CS16,yes
2442_UOMPK,Crab Flake  Use 2441,4.4000,PK,no
2443_UOMCS16,Crab Stick India CS16,89.6000,CS16,no
2444_UOMCS,Natural Imitation Crab Stick,73.9200,CS,yes
2448_UOMCS16,Crab Stick Imi USE Item 2440,70.4000,CS16,no
2448_UOMPK,Crab Stick Imi USE Item 2440,4.4000,PK,no
2450_UOMCS,Crab Stick Tetsujin 22 lbs,59.0000,CS,no
2451_UOMCS,Imi Crab Flake Kosher,64.9000,CS,no
2454_UOMCS,Kanikama Osaki,149.6000,CS,no
2460_UOMCS24,Boiled Crab   (1) 24/CS,177.1200,CS24,no
2460_UOMlb,Boiled Crab   (1),7.3800,lb,no
2466_UOMCS25,Real Crab   (5) 25lb/CS,222.0300,CS25,yes
2466_UOMCS30,Real Crab   (5) 25lb/CS,262.5000,CS30,no
2466_UOMlb,Real Crab   (5) 25lb/CS,8.7500,lb,no
2472_UOMCS,Kosh Imit Crab Stick 12/1lbs,71.3900,CS,yes
2605_UOMCASE,Fried Tofu Cubes 10 x 2.2lbs,69.7800,CASE,yes
2606_UOMBAG,Natural Tempura Crispy 6bag/CS,7.6500,BAG,no
2606_UOMCS6,Natural Tempura Crispy 6bag/CS,48.5700,CS6,yes
2607_UOMBAG,Tem Crispies Gluten Free,9.5700,BAG,no
2612_UOMBOT,Salmonroe  2.2 lbs,59.0000,BOT,no
2618_UOMCS17.6,Fish Roe   (4.4),96.8000,CS17.6,no
2618_UOMLBS,Fish Roe   (4.4),5.5000,LBS,no
2619_UOMCS4,Fish Roe Masago 4.4 lbs  4/CS,122.8200,CS4,yes
2619_UOMPK,Fish Roe  4.4 lbs  4/CS,24.2000,PK,no
2624_UOMLBS,Fish Roe   (1.1),5.5000,LBS,no
2625_UOMCS12,Fish Roe 0.44 lbs. 30pk/cs,72.6000,CS12,no
2625_UOMCS24,Fish Roe 1.1 lbs  24/CS,145.2000,CS24,no
2625_UOMCS30,Fish Roe Masago 0.44 lbs. 30pk/cs,96.2000,CS30,yes
2625_UOMPK,Fish Roe 1.1 lbs  24/CS,6.0500,PK,no
2630_UOMCS12,Tobiko Red  12/1.1 lbs/CS,200.9700,CS12,yes
2630_UOMPK,Tobiko Red  12/1.1 lbs/CS,16.5000,PK,no
2636_UOMCS20,Frozen Spinach,38.0000,CS20,no
2642_UOMCS10,Mushroom  1.1 lbs 10/CS,52.7800,CS10,yes
2642_UOMPK,Mushroom  1.1 lbs 10/CS,5.2000,PK,no
2648_UOMCS10,Gourd 2.2LB 10/CS,121.8000,CS10,yes
2648_UOMPK,Gourd 2.2LB 10/CS,12.1800,PK,no
2654_UOMCS6,Carrot 2.2 lbs 6/CS,21.6000,CS6,no
2654_UOMPK,Carrot 2.2 lbs 6/CS,3.6000,PK,no
2660_UOMBAG,Edamame Beans 10/2lbs,2.9600,BAG,no
2660_UOMCS10,Edamame Beans 10/2lbs,29.6400,CS10,yes
2662_UOMCS,Kosher Edamame,25.3600,CS,no
2663_UOMCS,Edamame Beans NTC 20/400g,17.8000,CS,no
2666_UOMCS20,Egg Cake 20/CS,76.1300,CS20,yes
2666_UOMCS5,Egg Cake 20/CS,19.0500,CS5,no
2666_UOMEACH,Egg Cake 20/CS,4.0000,EACH,no
2672_UOMCS12,Seabreeze Salad  12/2.2 LBS/CS,125.4000,CS12,no
2672_UOMCS24,Seabreeze Salad  24/1.1  LBS/CS,137.9400,CS24,yes
2672_UOMCS6,Seabreeze Salad 4.4LB,137.0400,CS6,no
2672_UOMEACH,Seabreeze Salad  12/2.2 LBS/CS,11.4200,EACH,no
2673_UOMPK,Nat. Seaweed Salad 4/4.4lbs,11.8000,PK,no
2678_UOMCS12,Calamari Salad  24/1.1 lbs/CS,157.3200,CS12,no
2678_UOMCS24,Calamari Salad  24/1.1 lbs/CS,159.6800,CS24,yes
2678_UOMCS6,Calamari Salad 4.4 lbs,165.6000,CS6,no
2678_UOMEACH,Calamari Salad  12/2.2 lbs/CS,13.8000,EACH,no
2679_UOMPK,Nat Calamari salad 4/4.4lbs,16.2000,PK,no
2680_UOMCS,Ebiyaki,40.2500,CS,no
2681_UOMCS,Okonomiyaki Vegetable,20.7000,CS,no
2682_UOMCASE,AFC Fusion Spicy Sauce,49.7200,CASE,no
27_UOMEACH,PALLET,10.0000,EACH,no
2805_UOMBAG,Grilled Chicken 2/5lb/CS,18.4000,BAG,no
2805_UOMCS2,Grilled Chicken 2/5lb/CS,37.3500,CS2,yes
2810_UOMCS30,Grilled Dumpling Shrimp 30/CS,140.0000,CS30,yes
2815_UOMCS30,Gril Dumpling  Vegetable 30bag/CS,108.9000,CS30,no
2816_UOMCS,Chicken Gyoza  Siracha (RED) 10/49pc,53.8000,CS,no
2817_UOMCS,Chicken Gyoza Mushroom (ORANGE) 10/49pc,53.8000,CS,no
2818_UOMCS,Chicken Gyoza  Leek (WHITE) 10/49pc,53.8000,CS,no
2819_UOMCS,Pre Fried Spring Roll 200pc/CS,50.2400,CS,yes
2820_UOMCS,Shumai 104P/CS,30.1500,CS,no
2821_UOMCS,Pork Shumai 108pc/CS,29.2500,CS,yes
2822_UOMCS,AFC Sukiyaki Beef 12/1lbs,63.3400,CS,yes
2824_UOMCS,Chicken Katsu 30lb/CS,123.0000,CS,no
2825_UOMCS,#1 Sliced Beef 6/4.4lbs,105.5000,CS,no
2826_UOMCS,Asian BBQ Beef 30#,146.3600,CS,yes
2827_UOMCS,Yakiniku  Beef  10/2.2lb,79.9000,CS,no
2828_UOMCS4,Diced Pastrami  4BAG/CS,48.5100,CS4,no
2829_UOMCS,Japanese Meatball 10pk/cs,70.2000,CS,no
2830_UOMBAG,#2 Chicken Karaage 4x5 lbs,17.7500,BAG,no
2830_UOMCS4,#2 Chicken Karaage 4x5 lbs,71.0000,CS4,no
2831_UOMCS,Crispy Chicken (Karaage) 30#/CS,75.0300,CS,yes
2835_UOMBAG,#3 Teriyaki Chicken 5x5.28 lbs bag,16.9700,BAG,no
2835_UOMCS5,#3 Teriyaki Chicken 5x5.28 lbs bag,91.6200,CS5,no
2836_UOMCS,#3 Teriyaki Chicken OH,123.8300,CS,yes
2837_UOMCS,Chicken Skewers (Yakitori) 20bags/cs,96.0000,CS,no
2840_UOMCS,#6 Chicken Breast 10 lbs/CS,50.2400,CS,yes
2841_UOMCS,Fzn BBQ Pork Baos 50pc/CS,25.0000,CS,no
2842_UOMCS,Hokki Fry 2/60pc,50.5000,CS,no
2843_UOMCS,Pork Chashu  8LBS/CS,91.4600,CS,yes
2843_UOMCS22,Pork Chashu  22LBS/CS,188.3200,CS22,no
2843_UOMCS8,Pork Chashu  8LBS/CS,80.4100,CS8,no
2843_UOMlb,Pork Chashu  22LBS/CS,8.5600,lb,no
2844_UOMCS30,Scalop 6/5lbs,242.2400,CS30,no
2845_UOMCS,UDON. SANUKI 8/2.75lbs,26.1900,CS,yes
2846_UOMCASE,Chicken Chashu w/Soy 20/1lbs,114.1900,CASE,no
2847_UOMCASE,AFC Tonkotsu Ramen  w/Vegetables  50pc/6oz,31.6300,CASE,no
2850_UOMCS,SOBA. FROZEN,33.5000,CS,no
2855_UOMCS,Yakisoba. JSL  Fzn Noodles 5/4lbs,19.2900,CS,yes
2857_UOMCS,#2  Fzn Yakisoba Noodle  MC Wavw 10/2.2lbs Otafuku,42.8000,CS,no
2860_UOMCS,Chow Mein. JSL Baked. Frozen 8/3lbs,26.0000,CS,no
2861_UOMCS,Fzn Ramen Noodles. MTC 40pc,29.5400,CS,yes
2862_UOMCS,Ramen Yamachan 40pc/cs,22.2600,CS,no
2863_UOMCS,Frozen Cooked  Ramen  Noodles 5/8/200g,9.0000,CS,no
2865_UOMCS20,INARI PACK 30 pc 20/CS,71.5000,CS20,yes
2865_UOMPACK,INARI PACK 30 pc 20/CS,4.4800,PACK,no
2870_UOMCS10,Natural Inari 10/60pc,70.2400,CS10,yes
2870_UOMPK,Natural Inari 10/60pc,6.9200,PK,no
2875_UOMBOT,Classic Yummy Sauce 4/Gal/CS,20.0300,BOT,no
2875_UOMCS4,Classic Yummy Sauce 4/Gal/CS,92.2000,CS4,no
2876_UOMCS10,Yuzu Sauce 10/per Cs,223.3000,CS10,yes
2877_UOMCS,Vegetable Curry CS50,50.8500,CS,no
2880_UOMBOT,Basic Sauce,10.7500,BOT,no
2880_UOMCS4,Basic Sauce,43.0000,CS4,no
2884_UOMCS4,Fzn Veg. Curry Concentrate,100.0000,CS4,no
2884_UOMEACH,Fzn Veg. Curry Concentrate,25.0000,EACH,no
2885_UOMCS12,Fzn AFC Goma Sesame Dressing 12/kg Otafu,45.0000,CS12,no
2885_UOMPK,Fzn AFC Sesame Sauce 12/kg Otafuku,3.7500,PK,no
2886_UOMCS,Tempura Pumpkin,48.5000,CS,no
2887_UOMCS,Tempura String Beans,45.5700,CS,no
2888_UOMCS,Fzn Yasai Mix Veg.,42.8400,CS,no
2889_UOMCS,Ebi Fry  (Fried Shrimp) 100pc/CS,39.0000,CS,no
2890_UOMCS,HK Style BBQ Pork 16/0.8lbs,56.0000,CS,no
2905_UOMCS,Nama Ramen Frozen  5/8/200g,18.0000,CS,no
2915_UOMCS,Yakiniku  Beef  10/2.2lb,79.9000,CS,no
2920_UOMlb,Pork Chashu  LBS,8.5600,lb,no
2925_UOMCS12,Fzn AFC Sesame Sauce 12/kg Otafuku,45.0000,CS12,no
2925_UOMPK,Fzn AFC Sesame Sauce 12/kg Otafuku,3.7500,PK,no
2930_UOMCS,Fzn  Yakisoba w/sauce 10/2.2lbs Otafuku,42.8000,CS,no
2999_UOMCS,Waygu,113.3000,CS,no
3205_UOMEACH,Ginger A 20LB,39.6000,EACH,yes
3210_UOMEACH,Ginger B 20LB,39.6000,EACH,yes
3215_UOMCS16,Wasabi 2.2lb,101.8200,CS16,yes
3215_UOMPK,Wasabi 2.2lb,6.3600,PK,yes
3216_UOMCS6,Curry Sauce  Canned 6/6.4lbs,108.0000,CS6,no
3216_UOMEACH,Curry Sauce  Canned 6/6.4lbs,18.0000,EACH,no
3219_UOMCS,Toasted Dry Seaweed 40pks,498.0000,CS,no
3220_UOMBAG,Seaweed Nori 200 1/2SH,12.6400,BAG,yes
3220_UOMCS40,Seaweed Nori 200 1/2SH,505.4700,CS40,yes
3225_UOMCS,To Go Soy Sauce 500PC,9.2500,CS,no
3235_UOMCS,Soy Sauce L/S 1000 pc,16.5400,CS,yes
3236_UOMCS,Wild Blue Soy Sauce L/S 1000pc,22.2100,CS,yes
3238_UOMCS,Soy Sauce Packet  (Hello Kitty) CS,16.3000,CS,no
3240_UOMCS,Soy Sauce Special IZU,15.4000,CS,no
3243_UOMCS,Soy Sauce Gluten Free 200pc,3.7000,CS,no
3245_UOMBAG,PREMIUM RICE 40 lbs,19.1300,BAG,yes
3246_UOMBAG,AFC Brown Rice  40#,20.4400,BAG,yes
3247_UOMBAG,Brown Rice. Mitsuhikari 10 kg,5.0000,BAG,no
3250_UOMBAG,Brown Rice 50 lbs,25.1800,BAG,no
3253_UOMBAG,SPECIAL Military Brown Rice,30.4500,BAG,yes
3254_UOMBAG,Black Glutinous Rice  10x5lbs,8.7600,BAG,no
3254_UOMCS,Black Glutinous Rice  10x5lbs,76.4500,CS,no
3255_UOMEACH,Quinoa. Red 25lbs,103.5200,EACH,no
3256_UOMCS,Vinegar  H-100 Natural 5.28gal,32.0600,CS,yes
3257_UOMCS,Rice Mix Takikomi Gomoku,51.4500,CS,no
3260_UOMEACH,Fish Powder 1LB,9.5000,EACH,no
3265_UOMBAG,Sesame Seeds 5LB,11.7800,BAG,yes
3265_UOMCS8,Sesame Seeds 5LB,94.2300,CS8,yes
3270_UOMBOT,Sesame Seed Blk 8oz,3.0500,BOT,yes
3270_UOMCS12,Sesame Seed Blk 8oz,36.5400,CS12,yes
3275_UOMCS12,S. Bonito Small,120.0000,CS12,no
3275_UOMEACH,S. Bonito Small,10.0000,EACH,no
3280_UOMCS10,Tapioca (Spring Roll Wrap) Paper 50pc,36.9600,CS10,yes
3280_UOMEACH,Tapioca (Spring Roll Wrap) Paper 50pc,3.7000,EACH,yes
3285_UOMPK,Gluten Free Fried Onion,1.0500,PK,no
3289_UOMCS15,Fried Onion,27.4100,CS15,no
3289_UOMEACH,Fried Onion,1.8300,EACH,no
3290_UOMCS10,Fried Onions 10/1kg,36.5400,CS10,yes
3290_UOMEACH,Fried Onions 10/1kg,3.6000,EACH,no
3293_UOMPACK,Nori Komi,14.2500,PACK,no
3299_UOMEACH,Seaweed Salad Mix. Dry 2/12/50g,14.0000,EACH,no
3308_UOMCS,To Go Soy  L/S 1000pc Canada,17.6600,CS,no
3310_UOMCS,Soy Sauce Gluten Free 200pc,3.7000,CS,no
3403_UOMBOT,Kikk Sushi Sauce  0.5 gal,8.5000,BOT,no
3403_UOMCS6,Kikk Sushi Sauce  0.5 gal,51.0000,CS6,no
3404_UOMBOT,Sushi Sauce Case  4/gal,15.7300,BOT,no
3404_UOMCS4,Sushi Sauce Case  4/gal,62.9300,CS4,yes
3406_UOMCS,Kik Ponzu Sauce 500pc,16.2400,CS,yes
3409_UOMBOT,Wasabi Sauce 0.5G,11.8000,BOT,yes
3409_UOMCS6,Wasabi Sauce 0.5G,70.8300,CS6,yes
3412_UOMBOT,Premium Spicy Sauce 0.5G,12.1800,BOT,yes
3412_UOMCS6,Premium Spicy Sauce 0.5G,73.0800,CS6,yes
3415_UOMBOT,Hot Garlic Sauce,17.2600,BOT,yes
3415_UOMCS4,Hot Garlic Sauce,73.6900,CS4,yes
3418_UOMCS,Sweet  Chili SA 200,31.7200,CS,yes
3419_UOMCS,Chili Oil for Sushi,39.5500,CS,no
3419_UOMCS40,Chili Oil for Sushi,52.0000,CS40,no
3420_UOMCS,Chili Oil for Hot Food,35.8200,CS,yes
3420_UOMCS40,Chili Oil for Hot Food,47.9100,CS40,no
3421_UOMCS,Hoisin Sauce 200,29.2600,CS,no
3424_UOMBOT,Spicy Sesame Oil,21.3200,BOT,yes
3424_UOMCS6,Spicy Sesame Oil,127.8900,CS6,yes
3427_UOMBOT,Sriracha L 28oz,2.2800,BOT,yes
3427_UOMCS12,Sriracha L 28oz,27.4100,CS12,yes
3429_UOMBOT,Katsu Sauce 6/cs,6.8200,BOT,no
3429_UOMCS6,Katsu Sauce 6/cs,41.5300,CS6,no
3430_UOMCS,**AFC Basic Sauce,28.2700,CS,yes
3431_UOMCS,AFC BBQ Sauce,31.4600,CS,no
3432_UOMCS,Chicken Bouillon Powder,30.0300,CS,no
3433_UOMBOT,Ginger Sauce 58oz,13.6100,BOT,no
3433_UOMCS,**AFC Orange Sauce,26.2600,CS,yes
3434_UOMCS,AFC Peking Sauce,37.9900,CS,no
3435_UOMCS,**AFC Sesame Sauce,26.2900,CS,yes
3436_UOMBOT,Chili Sf Sauce 56 oz,13.9800,BOT,no
3436_UOMCS,**AFC Stir Fry Sauce,26.8000,CS,yes
3437_UOMBOT,**Sweet & Sour Sauce,6.4000,BOT,no
3437_UOMCS,Sweet & Sour Sauce,25.1900,CS,no
3437_UOMCS4,**Sweet & Sour Sauce,25.5800,CS4,yes
3438_UOMBOT,**AFC Yakiniku Sauce,14.1300,BOT,no
3438_UOMCS,AFC Yakiniku Sauce,55.6600,CS,no
3438_UOMCS4,**AFC Yakiniku Sauce,56.4900,CS4,yes
3439_UOMCS,Micro Noodle Bowl 38oz,48.3600,CS,yes
3440_UOMEACH,Mushroom Bouillon Powder 12/CS,2.4500,EACH,no
3443_UOMBAG,Classic Teriyaki Sauce 12 bag,2.5500,BAG,no
3443_UOMCS12,**Classic Teriyaki Sauce 12 bag/1kg,31.0600,CS12,yes
3444_UOMBAG,Sweet & Sour Bag 12 bag,3.0000,BAG,no
3444_UOMCS12,Sweet & Sour Bag 12 bag,36.0000,CS12,no
3445_UOMCS,AFC Sweet & Spicy Dipping Sauce,53.5900,CS,yes
3446_UOMCASE,AFC Fusion Spicy Sauce,46.7500,CASE,no
3447_UOMCASE,AFC Spicy Bomb Sauce,40.6400,CASE,yes
3448_UOMBOT,Yakisoba Sauce,8.8800,BOT,yes
3448_UOMCS6,Yakisoba Sauce,53.2900,CS6,yes
3450_UOMBOT,Basic Sauce,10.7500,BOT,no
3450_UOMCS4,Basic Sauce,43.0000,CS4,no
3451_UOMBOT,Okonomi  Sauce,4.2200,BOT,no
3451_UOMCS6,Okonomi  Sauce,50.5800,CS6,no
3454_UOMBOT,NEW YAKINIKU SAUCE 1 GAL,19.8500,BOT,no
3454_UOMCS4,NEW YAKINIKU SAUCE 1 GAL,79.4000,CS4,no
3460_UOMBOT,Creamy Sesame Dressing,8.0000,BOT,no
3463_UOMBOT,Men Tsuyu  (Soup Base) 12/16oz,3.1900,BOT,no
3463_UOMCS12,Men Tsuyu  (Soup Base) 12/16oz,38.2500,CS12,yes
3466_UOMBOT,SESAME SAUCE,10.7500,BOT,no
3466_UOMCS,Creamy Sesame Dressing 6/32oz,44.5500,CS,yes
3467_UOMBAG,Sesame Sauce 15/2lb,2.1500,BAG,no
3467_UOMCS12,Creamy Sesame Dressing CS12,34.8300,CS12,no
3467_UOMCS15,Sesame Sauce 15/2lb,32.2500,CS15,no
3468_UOMCS,Chinese Style Sesame Dressing,64.8000,CS,yes
3468_UOMCS6,Chinese Style Sesame Dressing,64.8000,CS6,no
3469_UOMBOT,ORANGE SAUCE Bot.4 Gal/CS,10.7500,BOT,no
3470_UOMBAG,Orange Sauce 15/2lbs,2.1500,BAG,no
3470_UOMCS15,Orange Sauce 15/2lbs,32.2500,CS15,no
3475_UOMBOT,PEKING SAUCE,12.1000,BOT,no
3485_UOMBOT,Miso Ramen Soup 6/2kg,23.2000,BOT,yes
3485_UOMCS6,Miso Ramen Soup 6/2kg,139.2200,CS6,yes
3490_UOMCS12,AFC Poke Sauce 12/720g Otafuku,128.4000,CS12,no
3490_UOMPK,AFC Poke Sauce 12/720g Otafuku,10.7000,PK,no
3491_UOMCS,Premium AFC Poke Sauce 8/720g,77.1400,CS,yes
3492_UOMPK,Premium AFC Poke Sauce PK,9.5000,PK,no
3604_UOMCS12,Retail Pickeled Ginger Calif Cup,14.6200,CS12,yes
3605_UOMBOT,Sushi Gari BOT,1.2000,BOT,no
3605_UOMCS12,Sushi Gari BOT,14.6200,CS12,yes
3606_UOMCS,Sushi Gari Canada,17.0100,CS,no
3610_UOMBOT,R Sesame 4oz,0.9100,BOT,no
3610_UOMCS12,R Sesame 4oz,10.9600,CS12,yes
3615_UOMCS20,Grated Wasabi,32.4800,CS20,yes
3615_UOMEACH,Grated Wasabi,1.6200,EACH,no
3620_UOMBOT,Wasabi Dressing 12,2.4500,BOT,no
3620_UOMCS12,Wasabi Dressing 12,29.4000,CS12,no
3625_UOMBOT,Ginger Dressing,2.4500,BOT,no
3625_UOMCS12,Ginger Dressing,29.4000,CS12,no
3630_UOMBOT,Wasabi Sauce,2.4500,BOT,no
3630_UOMCS12,Wasabi Sauce,29.4000,CS12,no
3635_UOMCS,Retail Sushi Seaweed 50pk,50.0000,CS,yes
3635_UOMCS2,Ntl Seaweed 50 pack,99.0000,CS2,no
3635_UOMPACK,Ntl Seaweed 50 pack,49.5000,PACK,no
3637_UOMCASE,Calpico Original,34.1000,CASE,no
3638_UOMCASE,Calpico Strawberry,34.1000,CASE,no
3639_UOMCASE,Calpico Mango,34.1000,CASE,no
3640_UOMCS,Green Tea  24 Can,13.0400,CS,yes
3642_UOMCS,Green Tea Can  (Hello Kitty) CS,12.4800,CS,no
3647_UOMBOT,Soy Sauce Bottle,1.0700,BOT,no
3647_UOMCS12,Soy Sauce Bottle,12.8000,CS12,no
3647_UOMCS24,Soy Sauce Bottle,25.6000,CS24,yes
3648_UOMCS,Soy Sauce Hello Kitty,26.2800,CS,no
3648_UOMCS24,Soy Sauce Bottle 24 cs,32.6800,CS24,yes
3650_UOMBOT,S Vineger,1.3500,BOT,no
3650_UOMCS12,S Vineger,16.2000,CS12,no
3655_UOMCS,Tofu Miso Soup 24/CS,19.4900,CS,yes
3660_UOMCS,Veg. Miso Soup 24/CS,18.9100,CS,yes
3665_UOMEACH,Sushi Kit New,18.0000,EACH,no
3803_UOMPK,Takuwan 400G,3.5000,PK,no
3804_UOMCS,Sesame Soy Wrapper 20/10pk,72.5700,CS,yes
3805_UOMCS,Yellow Soy Wrapper 20/10pks,72.5700,CS,yes
3806_UOMCS,Quick Miso PK,39.6000,CS,no
3806_UOMPACK,Green Apple Origami Wrap 50pc/CS,12.5400,PACK,no
3807_UOMPACK,Tomato Origami Wraps 50pc/CS,12.5400,PACK,no
3808_UOMPACK,Mango Chipotle Origami Wraps 50pk/cs,13.4000,PACK,yes
3809_UOMCS24,Color Soy Wrap,73.0800,CS24,yes
3809_UOMPK,Color Soy Wrap,3.0500,PK,yes
3810_UOMCS,Soy Wrap Nori White,119.3500,CS,no
3811_UOMEACH,Furikake Nori Rice mix,14.2500,EACH,no
3812_UOMCS12,Old Bay Season,28.8000,CS12,no
3812_UOMEACH,Old Bay Season,2.4000,EACH,no
3818_UOMEACH,Wheat Grain 44lb,446.0000,EACH,no
3820_UOMEACH,Kosher Ginger,72.5700,EACH,no
3825_UOMEACH,Kosher Wasabi 1KG,25.3800,EACH,yes
3830_UOMCS,Kosher Nori 12/30sh,147.1800,CS,yes
3835_UOMCS,Kosher Soy,16.5000,CS,no
3840_UOMEACH,Natural Ginger 20LB,38.5700,EACH,yes
3850_UOMBAG,Natural Wasabi 2.2LB,8.0200,BAG,yes
3850_UOMCS16,Natural Wasabi 2.2LB,128.3000,CS16,yes
3860_UOMCS,Natural Vin Orange 5.28gal,33.7500,CS,yes
3870_UOMBAG,Beet Root Chips,0.0100,BAG,yes
3871_UOMBAG,Okra Chips,0.0100,BAG,yes
3874_UOMEACH,DSD-AV Treha,15.7600,EACH,no
3878_UOMEACH,DSD-B Soya Mix,2.4800,EACH,no
3882_UOMEACH,DSD-C Suihan,1.2700,EACH,no
3886_UOMEACH,DSD-D Soy Oil,1.2000,EACH,no
3999_UOMBOT,Vegetarian Oyster Sauce 4/CS,6.2500,BOT,no
4192_UOMCS,Yamachan Ramen 40/CS,22.5900,CS,yes
4777_UOMCS16,CH-82 Fold Tray,74.4000,CS16,no
4777_UOMPK,CH-82 Fold Tray,4.6500,PK,no
4998_UOMPK,16 oz MIC Bowl Set 50 pcs,16.6500,PK,no
5110_UOMCS16,FET 1.0 Eco Tray Body,128.8000,CS16,yes
5110_UOMCS8,FET 1.0 Eco Tray Body 100pc,74.8000,CS8,yes
5110_UOMPK,FET 1.0 Eco Tray Body 100pc,9.3500,PK,yes
5111_UOMCS16,FET 1.0 Eco Tray Lid 50pc,58.9600,CS16,yes
5111_UOMCS8,FET 1.0 Eco Tray Lid 100pc,53.6000,CS8,yes
5111_UOMPK,FET 1.0 Eco Tray Lid 50pc,3.7500,PK,yes
5115_UOMCS16,FET  1.5 Eco Tray Body,169.4400,CS16,yes
5115_UOMCS8,FET  1.5 Eco Tray Body 100pc,78.6700,CS8,yes
5115_UOMPK,FET  1.5 Eco Tray Body 100pc,10.0100,PK,yes
5116_UOMCS16,FET-1.5 Eco Tray Lid 50pc,70.7500,CS16,yes
5116_UOMCS8,FET-1.5 Eco Tray Lid 100pc,64.3200,CS8,yes
5116_UOMPK,FET-1.5 Eco Tray Lid 50pc,4.5000,PK,yes
5125_UOMCS20,AFC H1 Heart Cont Body 20 PC,193.6000,CS20,yes
5125_UOMCS40,AFC H1 Heart Cont Body 10pc,176.0000,CS40,no
5125_UOMPK,AFC H1 Heart Cont Body 20 PC,9.8600,PK,yes
5130_UOMCS20,AFC H1 Heart Lid 20 PC,145.2000,CS20,yes
5130_UOMCS40,AFC H1 Heart Lid 20 PC,132.0000,CS40,no
5130_UOMPK,AFC H1 Heart Lid 20 PC,7.3900,PK,yes
5135_UOMCS12,AFC-D1 Poke  Bowl Body 50pc PK,86.4000,CS12,no
5135_UOMPK,AFC-D1 Poke  Bowl Body 50pc PK,7.2000,PK,no
5140_UOMCS12,AFC-D1 Poke Bowl Lid 50pc PK,67.4400,CS12,no
5140_UOMPK,AFC-D1 Poke Bowl Lid 50pc PK,5.6200,PK,no
5145_UOMCS24,AFC-16 Clear Body,119.0600,CS24,yes
5145_UOMPK,AFC-16 Clear Body,5.0500,PK,yes
5150_UOMCS24,AFC-16 Lid  Pack,95.3000,CS24,yes
5150_UOMPK,AFC-16 Lid  Pack,4.0400,PK,yes
5155_UOMCS24,AFC-4 Blue Body Pack,112.2000,CS24,yes
5155_UOMPK,AFC-4 Blue Body Pack,4.7600,PK,yes
5155A_UOMCS,R1.0 (AFC-4) Blue Set CS 8/50pc/CS,74.7300,CS,yes
5155B_UOMPK,R1.0 (AFC-4) Blue Set PK,9.3400,PK,yes
5156_UOMCS24,AFC-4 Clear Body,102.0000,CS24,no
5156_UOMPK,AFC-4 Clear Body,4.2500,PK,no
5160_UOMCS24,AFC-4 Lid  Pack,88.4400,CS24,yes
5160_UOMPK,AFC-4 Lid  Pack,3.7500,PK,yes
5165_UOMCS24,AFC-5 Blue Body Pack,118.0100,CS24,yes
5165_UOMPK,AFC-5 Blue Body Pack,5.0100,PK,yes
5166_UOMCS24,AFC-5 Clear Body,107.2800,CS24,no
5166_UOMPK,AFC-5 Clear Body,4.4700,PK,no
5170_UOMCS24,AFC-5 Lid Pack,106.1300,CS24,yes
5170_UOMPK,AFC-5 Lid Pack,4.5000,PK,yes
5175_UOMCS16,AFC-20 Blue Body Pack,86.5900,CS16,yes
5175_UOMPK,AFC-20 Blue Body Pack,5.5100,PK,yes
5175A_UOMCS,SK-20 Blue Set CS 6/50pc/set cs,60.2000,CS,yes
5175B_UOMPK,SK-20 (AFC-20) Set PK,10.0400,PK,yes
5175S_UOMCS16,AFC-20 Sakura Body 16/50pc,151.5200,CS16,yes
5175S_UOMPK,AFC-20 Sakura Body 16/50pc,9.4700,PK,yes
5176_UOMCS16,AFC-20 Clear Body,86.5900,CS16,yes
5176_UOMPK,AFC-20 Clear Body,5.5100,PK,yes
5180_UOMCS16,AFC-20 Lid  Pack,73.9200,CS16,yes
5180_UOMPK,AFC-20 Lid  Pack,4.7000,PK,yes
5181_UOMCS16,AFC-20 Compostable Body,90.0000,CS16,yes
5181_UOMPK,AFC-20 Compostable Body,5.6300,PK,yes
5182_UOMCS16,AFC-20 Compostable Lid,141.0000,CS16,yes
5182_UOMPK,AFC-20 Compostable Lid,8.8100,PK,yes
5185_UOMCS16,AFC-30 Blue Body Pack,110.3500,CS16,yes
5185_UOMPK,AFC-30 Blue Body Pack,7.0200,PK,yes
5185A_UOMCS,SK-30 Blue Set Cs 6/50pc/set cs,72.4000,CS,yes
5185B_UOMPK,SK-30 (AFC-30) Set PK,12.0700,PK,yes
5185S_UOMCS16,AFC-30 Sakura Body 16/50pc/cs,163.8400,CS16,yes
5185S_UOMPK,AFC-30 Sakura Body 16/50pc/cs,10.2400,PK,yes
5186_UOMCS16,AFC-30 Clear Body,110.3500,CS16,yes
5186_UOMPK,AFC-30 Clear Body,7.0200,PK,yes
5190_UOMCS16,AFC-30 Lid Pack,82.7200,CS16,yes
5190_UOMPK,AFC-30 Lid Pack,5.2600,PK,yes
5191_UOMCS16,AFC-30 Compostable Body,115.0000,CS16,yes
5191_UOMPK,AFC-30 Compostable Body,7.1900,PK,yes
5192_UOMCS16,AFC-30 Compostable Lid,180.0000,CS16,yes
5192_UOMPK,AFC-30 Compostable Lid,11.2500,PK,yes
5195_UOMCS16,AFC-40 Blue Body Pack,135.8700,CS16,yes
5195_UOMPK,AFC-40 Blue Body Pack,8.6500,PK,yes
5195A_UOMCS,SK-40 Blue Set CS 6/50pc/set/CS,87.0000,CS,yes
5195B_UOMPK,SK-40 (AFC-40) Set PK,14.5000,PK,yes
5195S_UOMCS16,AFC-40 Sakura Body 16/50pc/cs,177.7600,CS16,yes
5195S_UOMPK,AFC-40 Sakura Body 16/50pc/cs,11.1100,PK,yes
5196_UOMCS16,AFC-40 Clear Body,135.8700,CS16,yes
5196_UOMPK,AFC-40 Clear Body,8.6500,PK,yes
5199_UOMCS16,AFC-40 Lid Pack,96.1000,CS16,yes
5199_UOMPK,AFC-40 Lid Pack,6.1200,PK,yes
5200_UOMCS16,ST-201 Manyo Body,78.7200,CS16,no
5200_UOMPK,ST-201 Manyo Body,4.9200,PK,no
5201_UOMCS16,AFC-40 Compostable Body,157.0000,CS16,yes
5201_UOMPK,AFC-40 Compostable Body,9.8100,PK,yes
5202_UOMCS16,AFC-40 Compostable Lid,210.0000,CS16,yes
5202_UOMPK,AFC-40 Compostable Lid,13.1300,PK,yes
5203_UOMCS24,CV-11B Body (BF-18),93.3600,CS24,no
5203_UOMPK,CV-11B Body (BF-18),3.8900,PK,no
5204_UOMCS24,CV-11F Lid  (BF-18),80.6400,CS24,no
5204_UOMPK,CV-11F Lid  (BF-18),3.3600,PK,no
5205_UOMCS16,ST-201 Blue Body,86.5900,CS16,yes
5205_UOMPK,ST-201 Blue Body,5.5100,PK,yes
5210_UOMCS16,ST-201 Lid Pk,73.9200,CS16,yes
5210_UOMPK,ST-201 Lid Pk,4.7000,PK,yes
5215_UOMCS16,ST-202 Blue Body Pack,110.3500,CS16,no
5215_UOMPK,ST-202 Blue Body Pack,7.0200,PK,no
5220_UOMCS16,ST-202 Lid  PACK,82.7200,CS16,yes
5220_UOMPK,ST-202 Lid  PACK,5.2600,PK,yes
5225_UOMCS16,ST-218 MANYO BODY,166.3200,CS16,yes
5225_UOMPK,ST-218 MANYO BODY,7.0600,PK,yes
5230_UOMCS16,ST-218 Blue Body Pk,135.7000,CS16,no
5230_UOMPK,ST-218 Blue Body Pk,8.6400,PK,no
5235_UOMCS16,ST-218 LID  PACK,87.3600,CS16,no
5235_UOMPK,ST-218 LID  PACK,6.1200,PK,no
5240_UOMCS16,ST-202 Manyo Body,157.8700,CS16,yes
5240_UOMPK,ST-202 Manyo Body,10.0500,PK,yes
5245_UOMCS24,ST-4 Blue BD 50,112.2000,CS24,no
5245_UOMPK,ST-4 Blue BD 50,4.7600,PK,no
5251_UOMCS24,ST-4 Lid Pack  50,88.4400,CS24,yes
5251_UOMPK,ST-4 Lid Pack  50,3.7500,PK,yes
5255_UOMCS24,ST-4 Manyo Body,137.2800,CS24,yes
5255_UOMPK,ST-4 Manyo Body,5.8200,PK,yes
5260_UOMCS24,ST4 Asuka BD 50,117.6000,CS24,no
5260_UOMPK,ST4 Asuka BD 50,4.9000,PK,no
5265_UOMCS24,ST-5 Blue BD 50,118.0100,CS24,no
5265_UOMPK,ST-5 Blue BD 50,5.0100,PK,no
5270_UOMCS24,ST-5 Lid Pack 50,106.1300,CS24,no
5270_UOMPK,ST-5 Lid Pack 50,4.5000,PK,no
5276_UOMCS24,ST-5 Manyo Body,185.6800,CS24,yes
5276_UOMPK,ST-5 Manyo Body,11.8200,PK,yes
5277_UOMCS,MH-30 Sushi Tray 300 Set,60.5000,CS,no
5277_UOMSET,MH-30.(ZX-30) Sushi Tray 50pc/Set,10.4200,SET,no
5278_UOMCS,MH-40 Sushi Tray 300 Set,71.5000,CS,no
5278_UOMSET,MH-40 (DO-3) Sushi Tray 50pc/Set,13.7700,SET,no
5279_UOMCS,MH-35 Sushi Tray 300Set/CS,59.4000,CS,no
5279_UOMSET,MH-35 Sushi Tray 50pc/set,13.7700,SET,no
5280_UOMCS24,ST5 Asuka BD 50,133.2000,CS24,no
5280_UOMPK,ST5 Asuka BD 50,5.5500,PK,no
5280_UOMSET,MH-10 (B-011).(AFC-4) 50pc/pk,7.5200,SET,no
5281_UOMSET,MH-15  (AFC-5)  100pc/pk,8.8800,SET,yes
5282_UOMSET,SU-CS-75 100pc/set (AFC4),15.2800,SET,no
5283_UOMSET,JFC -18 Tray (OP-510)  50pc/set,9.7700,SET,no
5284_UOMSET,MH-06 (20)  Tray Set,9.5300,SET,yes
5285_UOMEACH,Produce Bag,24.0000,EACH,no
5286_UOMSET,MH-50  (40) Clear Tray Set,16.7800,SET,no
5287_UOMCS4,TTM 24oz Bottom 100pc/pk(AFC4),59.5700,CS4,no
5287_UOMPK,TTM 24oz Bottom 100pc/pk(AFC4),15.5700,PK,no
5288_UOMCS4,TTM 24 oz Lid 100pc/pk (AFC4),44.1700,CS4,yes
5288_UOMPK,TTM 24 oz Lid 100pc/pk (AFC4),12.1400,PK,no
5289_UOMCS6,53205 Body 100pc/pk (AFC 30),59.4000,CS6,no
5289_UOMPK,53205 Body 100pc/pk (AFC 30),10.8900,PK,no
5290_UOMCS6,53205L-1 Lid 100pc/pk (AFC30),85.8000,CS6,yes
5290_UOMPK,53205L-1 Lid 100pc/pk (AFC30),11.8000,PK,no
5300_UOMCS,32oz Bowl 300pc. Sabert,49.8500,CS,yes
5301_UOMCS,32oz Bowl Lid 300pc. Sabert,51.3300,CS,yes
5302_UOMCS,32oz Bowl 150pc.Anchor 150pc,33.0700,CS,yes
5303_UOMCS,32oz Bowl Lid. 150pc. Anchor 150pc,29.2700,CS,yes
5305_UOMCS,BO-SC-U24 Bowl 24oz 500pc WC,86.2900,CS,yes
5306_UOMCS,BOL-CS-24 Bowl Lid 24oz 300pc WC,50.7200,CS,yes
5307_UOMCS,BG-ST-4 Compostable Body 800pc,83.8400,CS,yes
5308_UOMCS,BG-ST-4 Compostable Lid 800pc,100.6300,CS,yes
5309_UOMCS,32oz Bowl Body Stalk L014 500pc,78.0800,CS,yes
5310_UOMCS,32oz Lid Table ware DL32 200pc,44.0500,CS,yes
5311_UOMCS,24oz Bowl BG-BO24R1 500pc,75.1300,CS,yes
5312_UOMCS,24oz Lid BG-Bo24 PL 500pc,69.7200,CS,yes
5313_UOMCS,White Diamond Ramen Bowl,59.6600,CS,yes
5314_UOMCS,EP-SH2 5X7 BLK SUSHI TRAY 600PC,105.5000,CS,yes
5315_UOMCS,EP-SH3 6X9 BLK SUSHI TRAY 600PC,139.3000,CS,yes
5316_UOMCS,Anchor M612 Base,72.0500,CS,yes
5317_UOMCS,Anchor LH600 Lid,66.9900,CS,yes
5318_UOMCS,Anchor M424-B Base,40.5400,CS,no
5319_UOMCS,Anchor LH4LD-NB Lid,34.9300,CS,no
5320_UOMCS,Don-S Bowl 50pcs/16pks,235.4000,CS,yes
5321_UOMCS,Don-S Lid 50pcs/16pks,158.4000,CS,yes
5322_UOMPK,Sabert D300 Base 100pc/pk (AFC 5),16.5400,PK,no
5323_UOMPK,Sabert D300 Lid 50pc/pk (AFC 5),8.2700,PK,no
5324_UOMCS,Sabert B300N Base HT 300pc/cs,61.8800,CS,yes
5325_UOMCS,Sabert B300N Lid HT300pc/cs,66.5500,CS,yes
5334_UOMEACH,SOUP WARMER,140.0000,EACH,no
54_UOMCS,Pesca Rich Tuna 22#,374.2000,CS,no
5404_UOMCS24,BF-16 Top 50pc,65.2800,CS24,no
5404_UOMPK,BF-16 Top 50pc,2.7200,PK,no
5408_UOMCS24,BF-16 Body 50pc,108.0000,CS24,no
5408_UOMPK,BF-16 Body 50pc,4.5000,PK,no
5410_UOMCS24,BF-18 Salad Cont Body50pc/24/CS,132.0000,CS24,yes
5410_UOMPK,BF-18 Salad Cont Body50pc/24/CS,5.5000,PK,yes
5411_UOMCS24,BF-18 Salad Tray Lid 50pc/24/cs,114.9600,CS24,yes
5411_UOMPK,BF-18 Salad Tray Lid 50pc/24/cs,4.7900,PK,yes
5412_UOMCS24,AFC-18 White Body,132.0000,CS24,yes
5412_UOMPK,AFC-18 White Body,5.6000,PK,yes
5416_UOMCS24,AFC-18 Lid  50 pcs,114.8400,CS24,yes
5416_UOMPK,AFC-18 Lid  50 pcs,4.8700,PK,yes
5420_UOMCS16,BF-20 Body 50 pcs,141.1200,CS16,no
5420_UOMPK,BF-20 Body 50 pcs,8.8200,PK,no
5424_UOMCS16,BF-20 Top 50 pcs,91.0400,CS16,no
5424_UOMPK,BF-20 Top 50 pcs,5.6900,PK,no
5428_UOMCS16,BF-30 Kaku Body 50 pcs,192.9600,CS16,no
5428_UOMPK,BF-30 Kaku Body 50 pcs,12.0600,PK,no
5432_UOMCS16,BF-30 Kaku Top 50 pcs,81.6000,CS16,no
5432_UOMPK,BF-30 Kaku Top 50 pcs,5.1000,PK,no
5436_UOMCS8,BF-40 Kaku Body 50 pcs,110.4800,CS8,no
5436_UOMPK,BF-40 Kaku Body 50 pcs,13.8100,PK,no
5440_UOMCS8,BF-40 Kaku Top 50 pcs,62.0800,CS8,no
5440_UOMPK,BF-40 Kaku Top 50 pcs,7.7600,PK,no
5460_UOMCASE,CS08 200 pk BF-16,32.1400,CASE,no
5462_UOMCASE,CS16S 200 pk BF18,45.4300,CASE,no
5464_UOMCASE,CS24 200 pk BF20,46.7600,CASE,no
5468_UOMCASE,CS32 200 pk BF30,49.7600,CASE,no
5475_UOMPK,KL Hana-310,4.9500,PK,yes
5480_UOMPK,KL Hana-325,7.4000,PK,no
5481_UOMPK,B&H 16 Bowl Body Pack,7.2200,PK,yes
5482_UOMPK,B&H 16 Bowl Lid Pack,4.1900,PK,yes
5483_UOMPK,B&H 16 Bowl Middle,2.5900,PK,yes
55_UOMCS,PR TUNA10# 02/06/19,159.5000,CS,no
5601_UOMCS6,AFC-235 Party Tray Body 50pc,118.8000,CS6,no
5601_UOMPK,AFC-235 Party Tray Body 50pc,19.8000,PK,no
5602_UOMCS6,AFC-235 Party Tray  Lid  50pc,99.3600,CS6,no
5602_UOMPK,AFC-235 Party Tray  Lid  50pc,16.5600,PK,no
5603_UOMCS20,AFC-40L  MW Inner 50pc x 20pk,178.4200,CS20,yes
5603_UOMPK,AFC-40L  MW Inner 50pc x 20pk,9.0800,PK,yes
5604_UOMCS48,AFC-40S MW INNER 50pc x 48,344.2600,CS48,yes
5604_UOMPK,AFC-40S MW INNER 50pc x 48,7.3000,PK,yes
5605_UOMCS18,SF-235 Shachi (SF-2),102.6000,CS18,yes
5605_UOMCS6,AFC-235 Party Tray Body 50pc/PK,130.6800,CS6,yes
5605_UOMPK,AFC-235 Party Tray Body 50pc/PK,22.1800,PK,yes
5610_UOMCS18,SF-235 Lid  Pack 20 pc,79.7400,CS18,yes
5610_UOMCS6,AFC-235 Party Ty Lid 50pc/PK,109.3000,CS6,yes
5610_UOMPK,AFC-235 Party Ty Lid 50pc/PK,18.5500,PK,yes
5615_UOMCS32,SF-275(SF-3) Asaoke body,108.8000,CS32,no
5615_UOMPK,SF-275(SF-3) Asaoke body,3.4000,PK,no
5616_UOMCS6,AFC-275 Party Tray Body 6/50pc,132.0000,CS6,yes
5616_UOMPK,AFC-275 Party Tray Body 6/50pc,22.4000,PK,yes
5617_UOMCS6,AFC-275 Party Tray Lid 6/50pc,112.2000,CS6,yes
5617_UOMPK,AFC-275 Party Tray Lid 6/50pc,19.0400,PK,yes
5620_UOMCS32,SF-275 (SF-3) Shachi Lid,88.7000,CS32,no
5620_UOMPK,SF-275 (SF-3) Shachi Lid,2.8200,PK,no
5625_UOMCS16,SF-355 Body (SF-5),96.9800,CS16,yes
5625_UOMPK,SF-355 Body (SF-5),6.1700,PK,yes
5630_UOMCS16,SF-355 Lid  Pack SF-5,72.5100,CS16,yes
5630_UOMPK,SF-355 Lid  Pack SF-5,4.6100,PK,yes
5635_UOMCS6,SF-7 Oke Body,69.9600,CS6,yes
5635_UOMPK,SF-7 Oke Body,11.8700,PK,yes
5640_UOMCS6,SF-7 Lid  Pack 10pc,45.4100,CS6,yes
5640_UOMPK,SF-7 Lid  Pack 10pc,7.7100,PK,yes
5641_UOMCS4,Party Tray Top&Body  (Hello Kitty) 30pc PK,47.7200,CS4,no
5641_UOMPK,Party Tray Top&Body  (Hello Kitty) 30pc PK,11.9300,PK,no
5645_UOMCS12,SF-55 White Bowl Body 50pc,87.6500,CS12,yes
5645_UOMPK,SF-55 White Bowl Body 50pc,7.4400,PK,yes
5646_UOMCS12,SF-55 Bowl Lid 50pc,49.5000,CS12,yes
5646_UOMPK,SF-55 Bowl Lid 50pc,4.2000,PK,yes
5647_UOMCS12,SF-55 Inner 200pc/12pk,160.3800,CS12,yes
5647_UOMPK,SF-55 Inner 200pc/12pk,13.6100,PK,yes
5648_UOMCS,TO-NB24 150sets/cs (SF55),40.6500,CS,yes
5650_UOMPK,SF-16 Top 50,8.9100,PK,no
5651_UOMCS16,DB-103 Bowl Body 50 pcs,186.7200,CS16,no
5651_UOMPK,DB-103 Bowl Body 50 pcs,11.6700,PK,no
5652_UOMCS16,DB-103 Bowl Lid  50 pcs,80.8000,CS16,no
5652_UOMPK,DB-103 Bowl Lid  50 pcs,5.0500,PK,no
5653_UOMCS6,Donburi Bowl Set DB-103,48.2400,CS6,yes
5653_UOMPK,Donburi Bowl Set,16.7200,PK,no
5653_UOMSET,Donburi Bowl Set DB-103,8.0400,SET,yes
5657_UOMCS12,Heart Cont Body 30pc,158.0400,CS12,no
5657_UOMCS6,Heart Cont Body 90pc,158.0000,CS6,no
5657_UOMPK,Heart Cont Body 30pc,13.1700,PK,no
5659_UOMCS12,Heart Cont Lid 30pc,114.3600,CS12,no
5659_UOMCS6,Heart Cont Lid 90pc,114.4000,CS6,no
5659_UOMPK,Heart Cont Lid 30pc,9.5300,PK,no
5660_UOMCS,Sushi Cake Tray 100pc/cs,150.0000,CS,no
5661_UOMCS,Foodball Tray  25/cs,39.4300,CS,no
5661_UOMCS50,Football Tray  Each 50 pc,69.5300,CS50,no
5661_UOMEACH,Football Tray  Each 50 pc,1.3900,EACH,no
5670_UOMCS8,AFC-355 Sakura Body Pty Tray 8/10pc/cs,260.2400,CS8,yes
5670_UOMPK,AFC-355 Sakura Body Pty Tray 8/10pc/cs,32.5300,PK,yes
5671_UOMCS8,AFC-355 Sakura Lid  8/10pc/cs,89.2800,CS8,yes
5671_UOMPK,AFC-355 Sakura Lid  8/10pc/cs,11.1600,PK,yes
5680_UOMCS6,AFC-7 Sakura Body 6/10pc/cs,220.8000,CS6,yes
5680_UOMPK,AFC-7 Sakura Body 6/10pc/cs,36.8200,PK,yes
5681_UOMCS6,AFC-7 Sakura Lid 6/10pc/cs,78.7200,CS6,yes
5681_UOMPK,AFC-7 Sakura Lid 6/10pc/cs,13.1200,PK,yes
5752_UOMCS,White Micro Bowls 36 oz,48.1400,CS,yes
5805_UOMCASE,PLA ST-4 Cont. Set 400pc,104.2900,CASE,yes
5810_UOMCASE,CT 15 400 pcs Set,84.6400,CASE,yes
5810_UOMCS,ECO 1.5 Compostable Lid,39.6900,CS,yes
5810_UOMPK,Eco 1.5 Compostable Lid,10.3500,PK,yes
5811_UOMCS,ECO 1.5 Compostable Tray,44.3600,CS,yes
5812_UOMCS,EG 2.0 Compostable Lid,82.1600,CS,no
5813_UOMCS,EG 2.0 Compostable Base,97.9000,CS,no
5815_UOMCS,Solia 5 oz Clear Cup 100 pc,50.7500,CS,yes
5816_UOMCS8,BF-8 Curry White Body 50pc,65.2000,CS8,no
5816_UOMPACK,BF-8 Curry White Body 50pc,8.1500,PACK,no
5817_UOMCS8,BF-8 Curry Lid  50pc,50.1600,CS8,no
5817_UOMPACK,BF-8 Curry Lid  50pc,6.2700,PACK,no
5818_UOMCASE,Compostable Bowl BO-SC-U24 500pc,88.7100,CASE,yes
5819_UOMCASE,Compostable Lid BOL-CS-24 300pc,52.1400,CASE,yes
5820_UOMCS18,CPAP-213 Body Curry Cont. 50pc,360.0000,CS18,no
5820_UOMCS24,ECO-350F CLEAR BOWL,138.4800,CS24,no
5820_UOMCS8,COR-R20 Body Pk 8/50pc,40.7400,CS8,yes
5820_UOMPK,COR-R20 Body Pk 8/50pc,5.1900,PK,yes
5822_UOMCS8,COR-R20 Lid 8/50pc,32.9600,CS8,yes
5822_UOMPK,COR-R20 Lid 8/50pc,4.1200,PK,yes
5823_UOMCS12,COP-R15 Body PK 50pc,51.7400,CS12,yes
5823_UOMPK,COP-R15 Body PK 50pc,4.3900,PK,yes
5824_UOMCS12,COP-R15 Lid PK 50pc,47.2600,CS12,yes
5824_UOMPK,COP-R15 Lid PK 50pc,4.0100,PK,yes
5825_UOMCS18,CPAP-213 Curry Cont. Lid 50pc,202.5000,CS18,no
5825_UOMCS24,ECO-350A BOWL TOP,113.2800,CS24,no
5825_UOMPK,CPAP-213 Curry Cont. Lid 50pc,11.2500,PK,no
5827_UOMCS12,COP-18 Poke Bowl  Body Pk,95.0400,CS12,yes
5827_UOMCS18,COP-18 (ECO-580) Body Pk,129.6000,CS18,no
5827_UOMPK,COP-18 Poke Bowl  Body Pk,8.0600,PK,yes
5829_UOMCS12,COP-18 Poke Bowl  Lid  Pk,74.1800,CS12,yes
5829_UOMCS18,COP-18 (ECO-580) Top Pk,101.1600,CS18,no
5829_UOMPK,COP-18 Poke Bowl  Lid  Pk,6.2900,PK,yes
5830_UOMCS10,2 oz Cup  100pc/pk,28.7100,CS10,yes
5830_UOMCS25,2 oz Cup  100pc/pk,32.9400,CS25,yes
5830_UOMCS50,2 oz Cup,156.5000,CS50,no
5830_UOMPK,2 oz Cup  100pc/pk,1.3000,PK,yes
5835_UOMCS20,2 oz Lid  100pc/pk,23.3500,CS20,yes
5835_UOMCS25,2 oz Lid  100pc/pk,32.9400,CS25,yes
5835_UOMCS50,2 oz Top,130.0000,CS50,no
5835_UOMPK,2 oz Lid  100pc/pk,1.3000,PK,yes
5836_UOMCS,2 oz Microwaveable Cup and Lid,78.5000,CS,yes
5840_UOMCS40,Cup 90MB 4 oz  50pc,163.2000,CS40,no
5840_UOMCS80,Cup 90MB 4 oz  50pc,267.5200,CS80,yes
5840_UOMPK,Cup 90MB 4 oz  50pc,3.4000,PK,yes
5845_UOMCS40,Cup 90TC 4 oz Top 50 pc,121.6000,CS40,no
5845_UOMCS80,Cup 90TC 4 oz Lid  50 pc,237.6000,CS80,yes
5845_UOMPK,Cup 90TC 4 oz Lid  50 pc,3.0200,PK,yes
5850_UOMPK,1 oz Cup 250 pc,2.5000,PK,no
5855_UOMPK,1 oz Top 125 pcs,1.0000,PK,no
5860_UOMCS20,Demo Cup  20PK/CS,121.8000,CS20,yes
5860_UOMPK,Demo Cup  20PK/CS,6.0900,PK,yes
5889_UOMEACH,Sample Tray Dome,156.2600,EACH,yes
5999_UOMEACH,Sampling Dome Kit,367.7000,EACH,no
6105_UOMEACH,HK Baran. Pink,2.2500,EACH,no
6110_UOMCS60,Baran Box 1000 pcs,63.9500,CS60,yes
6110_UOMPK,Baran Box 1000 pcs,1.0700,PK,yes
6120_UOMCS32,Chopstick 100PR,58.7800,CS32,yes
6120_UOMCS40,Chopstick 100PR,66.8000,CS40,no
6120_UOMPK,Chopstick 100PR,1.8700,PK,yes
6121_UOMCS40,Wild Blue Chopstick 40pks,70.9500,CS40,yes
6121_UOMPK,Wild Blue Chopstick 40pks,1.7800,PK,yes
6130_UOMCS40,Chopkstick Special 100,51.5600,CS40,yes
6130_UOMPK,Chopkstick Special 100,1.2900,PK,yes
6132_UOMCS40,Disposable Chopstick (Hello Kitty) PK,70.4000,CS40,no
6132_UOMPACK,Disposable Chopstick (Hello Kitty) PK,1.7600,PACK,no
6133_UOMSET,Plastic Chopstick(Hello Kitty) 2 P. 1 R. 1 G. 1 B,65.0000,SET,yes
6140_UOMPK,Edamame  Sleeve White 100pc,27.9100,PK,yes
6150_UOMEACH,Veg. Dumpling Sleeve 100pc,11.0000,EACH,no
6175_UOMEACH,Towel,0.6100,EACH,yes
6200_UOMROLL,Thermo  B.R. Gradient,8.3700,ROLL,yes
6201_UOMROLL,White Mini Sticker,15.2300,ROLL,yes
6204_UOMCS24,Thermo Blue,180.0000,CS24,no
6204_UOMROLL,Thermo Blue,7.5000,ROLL,no
6207_UOMCS16,Thermo Vertical Label (Hello Kitty),140.0000,CS16,no
6207_UOMROLL,Thermo Vertical Label (Hello Kitty),8.7500,ROLL,no
6208_UOMCS16,Thermo Vertical Blue #3,142.1000,CS16,yes
6208_UOMCS24,Thermo Vertical Blue #3,213.1500,CS24,yes
6208_UOMROLL,Thermo Vertical Blue #3,8.8800,ROLL,yes
6209_UOMROLL,Thermo Brown Rice,7.5000,ROLL,no
6210_UOMCS16,Thermo Vertical Brown Rice #3,140.0000,CS16,no
6210_UOMCS24,Thermo Vertical Brown Rice #3,210.0000,CS24,no
6210_UOMROLL,Thermo Vertical Brown Rice #3,8.7500,ROLL,no
6212_UOMROLL,Thermo Bel Air,7.5000,ROLL,yes
6220_UOMCS,12024T Freshpak Bowl 300,101.1400,CS,yes
6220_UOMROLL,Thermo Brn R Rous,7.5000,ROLL,no
6221_UOMCS,Freshpak Bowl Lid 52032t 300pc,68.0100,CS,yes
6222_UOMCS16,Vertical Label Wild Blue,127.0400,CS16,yes
6222_UOMCS20,Vertical Label Wild Blue,158.8400,CS20,yes
6222_UOMROLL,Vertical Label Wild Blue,7.9400,ROLL,yes
6224_UOMROLL,Thermo Draegars,7.5000,ROLL,no
6228_UOMPK,THERMO F.MADISON MARKET,7.5000,PK,no
6232_UOMPK,THERMO GTE Blue Gradient,7.5000,PK,no
6236_UOMROLL,Thermo Holiday,5.5000,ROLL,no
6240_UOMROLL,Thermo Marsh,7.5000,ROLL,no
6244_UOMEACH,THERMO METROPOLITAN,7.5000,EACH,no
6248_UOMROLL,Vertical  No Logo,8.8800,ROLL,yes
6252_UOMROLL,Thermo Nobhill,7.5000,ROLL,yes
6255_UOMROLL,Lab Vertical Marsh,8.7500,ROLL,no
6256_UOMROLL,Thermo Oishisa,7.5000,ROLL,yes
6258_UOMCS16,Vert. Robert Fresh Label,142.1000,CS16,yes
6258_UOMROLL,Vert. Robert Fresh Label,8.8800,ROLL,yes
6260_UOMROLL,THERMO OLIVER'S MARKET,7.5000,ROLL,no
6261_UOMCS16,Lab. Vertical Nob Hill,142.1000,CS16,yes
6261_UOMROLL,Lab. Vertical Nob Hill,8.8800,ROLL,yes
6262_UOMCS16,Lab. Vertical Raleys,142.1000,CS16,yes
6262_UOMROLL,Lab. Vertical Raleys,8.8800,ROLL,yes
6263_UOMCS16,Lab. Vertical Bel Air,142.1000,CS16,yes
6263_UOMROLL,Lab. Vertical Bel Air,8.8800,ROLL,yes
6264_UOMROLL,Thermo Olo,7.5000,ROLL,yes
6265_UOMROLL,Lab. Vertical Marsh,8.7500,ROLL,no
6266_UOMCS16,Lab. Vertical Olo,142.1000,CS16,yes
6266_UOMROLL,Lab. Vertical Olo,8.8800,ROLL,yes
6267_UOMROLL,Lab Vertical Oishisa,8.8800,ROLL,yes
6268_UOMCS16,Lab. Vertical PRC Market 32,142.1000,CS16,yes
6268_UOMROLL,Lab. Vertical PRC Market 32,8.8800,ROLL,yes
6269_UOMCS16,Lab. Vertical Draegers,142.0800,CS16,yes
6269_UOMROLL,Lab. Vertical Draegers,8.8800,ROLL,yes
6270_UOMCS16,Lab Vertical Rouses,142.1000,CS16,yes
6270_UOMROLL,Lab Vertical Rouses,8.8800,ROLL,yes
6271_UOMCS16,Lab. Vert. Metropolitan,142.1000,CS16,yes
6271_UOMROLL,Lab. Vert. Metropolitan,8.8800,ROLL,yes
6272_UOMROLL,Thermo Rouses,7.5000,ROLL,no
6273_UOMCS16,Lab. Vertical Walgreen (Red Grad),142.1000,CS16,yes
6273_UOMROLL,Lab. Vertical Walgreen (Red Grad),8.8800,ROLL,yes
6275_UOMCS16,Vert. Lake View Label,142.1000,CS16,yes
6275_UOMROLL,Vert. Lake View Label,8.8800,ROLL,yes
6276_UOMROLL,Thermmo Walg Red Gradient,8.7500,ROLL,no
6280_UOMROLL,THERMO YAMATO,8.7500,ROLL,yes
6285_UOMCS16,Thermo Vertical Yamato,142.1000,CS16,yes
6285_UOMROLL,Thermo Vertical Yamato,8.8800,ROLL,yes
6290_UOMCS16,Thermo Verti Yamato Brown,142.1000,CS16,yes
6290_UOMROLL,Thermo Verti Yamato Brown,8.8800,ROLL,yes
6291_UOMCS16,Thermo Kosher Vert.Purple,142.1000,CS16,yes
6291_UOMROLL,Thermo Kosher Vert.Purple,8.8800,ROLL,yes
6292_UOMCS16,Thermal Vertical Stonefish Label,149.4400,CS16,yes
6292_UOMROLL,Thermal Vertical Stonefish Label,9.3400,ROLL,yes
6293_UOMROLL,Microwave Instructions AFC 40L Sticker,9.6600,ROLL,yes
6294_UOMROLL,PUBLIX $5 WEDNESDAY STICKER,8.6300,ROLL,yes
6295_UOMEACH,Sticker 3 Min. Microwave,8.6300,EACH,yes
6296_UOMROLL,$5 Red Sticker,6.7000,ROLL,yes
6297_UOMEACH,$5 Barcode Sticker,6.6000,EACH,yes
6298_UOMPK,SEABREEZE SALAD LABEL,10.0000,PK,no
6299_UOMROLL,$5  Red  Sticker,6.5000,ROLL,no
6300_UOMEACH,Convection Oven 1/4Sheet,599.5000,EACH,no
6301_UOMROLL,$6 Red Sticker,6.7000,ROLL,yes
6302_UOMROLL,$9.99 Purple Sticker,6.7000,ROLL,yes
6303_UOMROLL,50 Cent Off W/card,6.7000,ROLL,yes
6304_UOMROLL,Warm Up Microwave Sticker,2.9300,ROLL,yes
6305_UOMROLL,Vert. Robert Fresh Label,8.7500,ROLL,no
6310_UOMROLL,Vert. Lake View Label,8.7500,ROLL,no
6350_UOMEACH,Bleach,1.4900,EACH,no
6500_UOMROLL,Wild Blue Spicy Sauce Ribbon,6.9000,ROLL,yes
6501_UOMROLL,Wild Blue Pickled Ginger Ribbon,6.9000,ROLL,yes
6502_UOMROLL,Wild Blue Wasabi Ribbon,6.9000,ROLL,yes
6503_UOMROLL,Wild Blue Sushi Sauce Ribbon,6.9000,ROLL,yes
6601_UOMROLL,BOGO Sticker,8.9800,ROLL,yes
6603_UOMROLL,Date Gun Label,2.6400,ROLL,yes
6606_UOMROLL,Date Gun Label "Sell-By",2.6400,ROLL,yes
6609_UOMROLL,"New" Sticker Yellow,2.5400,ROLL,yes
6612_UOMROLL,Clear Chef Special Sticker,2.6400,ROLL,yes
6615_UOMROLL,Clear Fully Cooked Sticker,2.5400,ROLL,yes
6618_UOMROLL,Clear Ginger Dressing Sticker,10.0000,ROLL,no
6621_UOMEACH,Clear Hot Garlic Sticker,15.9900,EACH,yes
6624_UOMROLL,Clear Dumpling  Microwave Instruction Sticker 250 pcs,5.5800,ROLL,yes
6627_UOMROLL,Clear Spicy Sticker,10.1500,ROLL,yes
6629_UOMROLL,Chef Special Sticker Red 250,8.6300,ROLL,yes
6632_UOMROLL,Clear Sweet Chili Sauce Sticker,17.7600,ROLL,yes
6633_UOMROLL,Clear Vegatable Only Sticker,10.1500,ROLL,yes
6636_UOMROLL,P. Gari Label 250 Ribbon,8.3700,ROLL,yes
6639_UOMROLL,P Wasa Label 250 Ribon,8.3700,ROLL,yes
6642_UOMROLL,P Spicy Sauce L 250 Ribbon,8.9200,ROLL,yes
6645_UOMROLL,P Wasabi Oishisa 250,8.2500,ROLL,no
6648_UOMROLL,P Ginger Oishisa 250,8.2500,ROLL,no
6649_UOMROLL,P. Sushi Sauce  250. Clear,8.9200,ROLL,yes
6651_UOMROLL,Label Friedrice,10.1500,ROLL,yes
6654_UOMROLL,Label AM/PM,5.0800,ROLL,yes
6657_UOMPK,Classic Yummy Sauce Label,8.6300,PK,yes
6660_UOMROLL,Label Peanut SA,10.0000,ROLL,no
6663_UOMROLL,Label Organic Brn Rice,5.9200,ROLL,no
6666_UOMEACH,Brown Rice Sticker Clear,10.1500,EACH,yes
6669_UOMEACH,Label. Spring Gard. Sheet,0.3600,EACH,yes
6672_UOMROLL,Lab Sustain Sticker,17.2600,ROLL,yes
6673_UOMROLL,Gluten Free Sticker 250,8.6300,ROLL,yes
6675_UOMROLL,Prep Item Label 500,3.9100,ROLL,yes
6676_UOMROLL,Hot Bowl Sell By Stickers,5.5800,ROLL,yes
6677_UOMROLL,$2 Off Red Sticker,6.7000,ROLL,yes
6678_UOMROLL,$1 Off Sticker,7.6100,ROLL,yes
6679_UOMROLL,Weekly Special Sticker,6.5000,ROLL,no
6683_UOMROLL,Sticker. Green "Shrimp",6.0000,ROLL,no
6684_UOMROLL,Sticker. Green.  "Vegetable",6.0000,ROLL,no
6685_UOMROLL,Sticker. Grilled Chicken,6.5000,ROLL,no
6701_UOMROLL,Gluten Free Sticker 250,8.5000,ROLL,no
6705_UOMROLL,Chef Special Sticker Red 250,8.5000,ROLL,no
6709_UOMEACH,Chef Sp Mini Poster Small,3.0000,EACH,no
6715_UOMPK,SEABREEZE SALAD LABEL,10.0000,PK,no
6900_UOMEACH,Super Freezer,1435.0000,EACH,no
6968_UOMEACH,Tablet. Aus. Label Machine,761.2500,EACH,yes
6969_UOMEACH,Printer. Australia,342.0600,EACH,yes
7006_UOMROLL,P Cari Label Cand,8.2500,ROLL,no
7007_UOMROLL,P Wasa Label Cand,8.2500,ROLL,no
7008_UOMROLL,P Spicy Sauce Can,8.2500,ROLL,no
7009_UOMROLL,P Gari Weg,9.0000,ROLL,no
7010_UOMROLL,P Wasabi Weg,9.0000,ROLL,no
7011_UOMROLL,Spy Sauce Label Weg,8.7900,ROLL,no
7012_UOMROLL,Vege Gyoza Bar Code,7.8700,ROLL,yes
7099_UOMPK,KARAAGE BATTER,7.5000,PK,no
7120_UOMROLL,Label Prem Tuna,5.5000,ROLL,no
7121_UOMROLL,Label Aramark,7.5000,ROLL,no
7127_UOMROLL,P. Eel Sauce 250. Clear,16.5000,ROLL,no
7131_UOMROLL,Label Blue Crab,7.5000,ROLL,no
7132_UOMROLL,P. Teriyaki 250,8.3700,ROLL,yes
7139_UOMROLL,New Nutri Broch,15.0000,ROLL,no
7143_UOMROLL,Lab Can Nut Fac,11.1700,ROLL,yes
7144_UOMROLL,P Spicy Oishisa L 200,8.2500,ROLL,no
7149_UOMROLL,P Label Avery,0.3500,ROLL,no
7150_UOMROLL,P LA Wasa Sauce,10.0000,ROLL,no
7151_UOMROLL,Label Swt Chili,10.1500,ROLL,yes
7156_UOMROLL,THERMO PF SUSHI,7.5000,ROLL,no
7158_UOMROLL,Lab Bar Code,0.3600,ROLL,yes
7161_UOMEACH,P LA Konomi 1000,7.5000,EACH,no
7167_UOMROLL,Label Kowalski,25.0000,ROLL,no
7183_UOMROLL,Label Grill Gyoza,5.9200,ROLL,no
7190_UOMROLL,Sticker. Green "Shrimp",6.0000,ROLL,no
7191_UOMROLL,Sticker. Green.  "Vegetable",6.0000,ROLL,no
7195_UOMROLL,Sticker. Grilled Chicken,6.5000,ROLL,no
720_UOMEACH,LATE ORDER,50.0000,EACH,no
7219_UOMSET,Attach Board Set,16.2400,SET,yes
7225_UOMROLL,THERMO SUSHI ICHI DIRECT,7.5000,ROLL,no
7226_UOMROLL,Thermo Fortino Brown,7.5000,ROLL,no
7227_UOMROLL,Thermo Fortino Blue,7.5000,ROLL,no
7228_UOMROLL,THERMO LABEL BIG Y 001,7.6100,ROLL,yes
7235_UOMROLL,Clear Wasabi Dressing Sticker,10.1500,ROLL,yes
7238_UOMROLL,Clear Brown Rice Sticker,10.0000,ROLL,no
7239_UOMROLL,Clear Chef Special Dressing Sticker,10.1500,ROLL,no
7242_UOMROLL,Clear Spicy Sauce Sticker,17.7600,ROLL,no
7243_UOMROLL,Clear Pickled Ginger Sticker,17.7600,ROLL,yes
7277_UOMROLL,Weekly Special Sticker,6.5000,ROLL,no
7303_UOMEACH,Label Heart Cake,6.0000,EACH,no
7545_UOMCS,Retail Rice. Microwavable,6.8400,CS,no
7546_UOMBOT,Use 7545,2.3000,BOT,no
7546_UOMCS12,Use 7545,6.8400,CS12,no
8000_UOMEACH,Poster Frame Ikea,1.3700,EACH,yes
8001_UOMEACH,Poster "Try Me",12.1800,EACH,yes
8002_UOMEACH,Blender,35.5300,EACH,yes
8082_UOMBOT,Soup Base Tonkotsu Yama 10/cs,17.0500,BOT,no
8082_UOMCS10,Soup Base Tonkotsu Yama 10/cs,170.5200,CS10,no
8083_UOMBOT,Soup Base Miso Yamachan 12/cs,12.0600,BOT,yes
8083_UOMCS12,Soup Base Miso Yamachan 12/cs,144.7000,CS12,yes
8101_UOMCS,HOT BOWL NET,223.3000,CS,yes
8102_UOMEACH,Cleaning Pen,3.9200,EACH,yes
8104_UOMEACH,Calendar Set,0.0100,EACH,no
8106_UOMEACH,Katsuramaki Ki,50.0000,EACH,no
8108_UOMEACH,Chochin (Lantern) Small,15.0000,EACH,no
8110_UOMEACH,Demo Tablecloth,13.5000,EACH,no
8112_UOMEACH,Scrub,0.4100,EACH,yes
8114_UOMEACH,Brush,9.5400,EACH,yes
8116_UOMEACH,Sanitizer,19.9500,EACH,no
8118_UOMEACH,Spray Bottle,4.0600,EACH,yes
8121_UOMEACH,Torch. Iwatani,35.5300,EACH,yes
8122_UOMEACH,Makisu 27cm,4.4000,EACH,yes
8124_UOMEACH,Makisu (S),1.5400,EACH,yes
8126_UOMEACH,Plastic Makisu,8.6000,EACH,no
8128_UOMEACH,Masterchef Knife,79.2000,EACH,yes
8129_UOMEACH,Ladle 2oz,4.1500,EACH,no
8130_UOMEACH,Sharp Storne-LG,23.7600,EACH,yes
8131_UOMEACH,MEASURING TEASPOON,3.5500,EACH,yes
8132_UOMEACH,Super Kirex,14.3000,EACH,no
8134_UOMEACH,ladle 1oz,2.0000,EACH,no
8137_UOMEACH,Ladle 8oz,6.5000,EACH,no
8138_UOMEACH,Ladle 12oz,4.3600,EACH,yes
8139_UOMEACH,Thermo Gun,125.0000,EACH,no
8140_UOMEACH,Sushi Former,5.9400,EACH,yes
8142_UOMEACH,Pail Lid Opener,5.5800,EACH,yes
8144_UOMEACH,Tweezer,4.2200,EACH,yes
8146_UOMEACH,Benriner,21.6500,EACH,yes
8148_UOMEACH,Benriner Blade Only,7.3900,EACH,yes
8149_UOMPK,Pastry Bag Lg,25.8500,PK,no
8150_UOMEACH,Peeler,2.3800,EACH,yes
8153_UOMEACH,Jigger,3.4000,EACH,no
8154_UOMEACH,Blue Sheet,154.0000,EACH,yes
8155_UOMEACH,Green Mirroe Sheet,200.0000,EACH,no
8156_UOMEACH,Sushi Mold (kata),3.4000,EACH,no
8157_UOMEACH,Mirror Sheet W/R/Gold for Publix,140.0000,EACH,no
8158_UOMCASE,Sunoko (Ivory) Special,475.0000,CASE,no
8160_UOMCASE,Sunoko (MAT) IV,282.4000,CASE,no
8162_UOMEACH,Buffer Solution,23.0000,EACH,no
8162_UOMSET,Buffer Solution,46.6900,SET,yes
8164_UOMBAG,Rubber Band,2.5000,BAG,no
8166_UOMEACH,Safety Glove. Med or SM,22.3300,EACH,yes
8168_UOMPK,P Glove Small 100,2.0300,PK,yes
8170_UOMPK,P Glove Medium 100,2.0300,PK,yes
8172_UOMPK,P Glove Large 100,0.5100,PK,yes
8174_UOMEACH,Paper Towel,2.5400,EACH,yes
8176_UOMEACH,Seal Wrap 18,22.4800,EACH,yes
8178_UOMPACK,Towel Disposable,16.2400,PACK,yes
8180_UOMEACH,Wax Paper,6.3400,EACH,yes
8182_UOMBOX,Absorbent Pad  1.000pc,24.3600,BOX,yes
8183_UOMEACH,Nigiri Maker,2.2500,EACH,no
8184_UOMEACH,Disposable Pastry Bag,17.5100,EACH,yes
8186_UOMEACH,Pastry Bag Tip,0.8100,EACH,yes
8188_UOMEACH,Log Book,30.4400,EACH,yes
8190_UOMEACH,Binder Set,7.2500,EACH,no
8192_UOMEACH,Ord sht Price L,0.0100,EACH,no
8195_UOMEACH,Strainer,11.4000,EACH,no
8205_UOMEACH,Water Base Frame,120.2300,EACH,yes
8210_UOMEACH,Indoor Banner Cust. Service,35.0000,EACH,no
8211_UOMEACH,A shape Panel,40.6000,EACH,yes
8212_UOMEACH,HK Interior Banner,35.0000,EACH,no
8215_UOMEACH,Custom Order Sticker,8.5000,EACH,no
8220_UOMEACH,Shelf Liner Cust. Service,9.5000,EACH,no
8225_UOMEACH,Shelf Liner 2 Liner Cust. Service,16.0000,EACH,no
8304_UOMEACH,Rice Warmer,273.9000,EACH,no
8306_UOMEACH,Water Base Attachment,41.2700,EACH,yes
8308_UOMEACH,Water Base Frame Bundle Set,213.6100,EACH,yes
8312_UOMEACH,Picture Frame  IKEA,3.5000,EACH,no
8316_UOMEACH,A La Carte Sign,18.0000,EACH,no
8320_UOMEACH,Sign Holder CLP,1.8900,EACH,yes
8324_UOMEACH,Paper Clock,3.1500,EACH,yes
8328_UOMEACH,Banner Tsunami,50.0000,EACH,no
8332_UOMEACH,Banner No Logo,50.0000,EACH,no
8335_UOMEACH,Static Cling,8.0300,EACH,no
8336_UOMEACH,Posters - Hot Food Bundle,7.6700,EACH,no
8340_UOMEACH,Indoor Banner. Fully Cooked,40.0000,EACH,no
8342_UOMEACH,Chef Sp Mini Poster Small,3.0000,EACH,no
8344_UOMEACH,Letter Poster,3.0000,EACH,no
8345_UOMEACH,Ironman Sign & Frames,74.0000,EACH,no
8346_UOMEACH,Poster. Placard Publix,4.5000,EACH,yes
8348_UOMEACH,Indoor Banner Stand,74.0000,EACH,no
8352_UOMEACH,Hybrid Program Set,51.0000,EACH,no
8356_UOMEACH,Micfoil Balloon,3.0000,EACH,no
8360_UOMEACH,Nutrition Charts. Laminated,4.3100,EACH,yes
8361_UOMEACH,MDB Nutrition Chart,4.3100,EACH,yes
8362_UOMSET,Amazon Color Menus 100,27.5000,SET,no
8364_UOMSET,New Color Menu 100,15.2300,SET,yes
8365_UOMEACH,MDB Color Menu 100,15.2300,EACH,yes
8366_UOMEACH,Color Menu. Rouses 100 Sh,22.3300,EACH,yes
8368_UOMEACH,SAMPLING TAGS,15.2300,EACH,yes
8372_UOMEACH,STAR STICKER,0.6000,EACH,no
8376_UOMSET,Price List,0.0100,SET,no
8380_UOMEACH,Rice Container Blue,112.0000,EACH,no
8384_UOMEACH,Pull up Banner,318.2500,EACH,no
8500_UOMEACH,Curry Kettle Warmer,77.5000,EACH,no
8501_UOMEACH,Knife Sharpener,36.5400,EACH,yes
8504_UOMEACH,Sesame Shaker,5.0800,EACH,yes
8508_UOMEACH,To Go Soy Cont.,5.5000,EACH,no
8512_UOMEACH,Yosenabe Pot,30.4500,EACH,yes
8516_UOMEACH,Menu Holder,25.3800,EACH,yes
8520_UOMEACH,Fish Container Body,5.0800,EACH,yes
8524_UOMEACH,Fish Container Top,4.3100,EACH,yes
8528_UOMEACH,Food Container (S) Body,5.1800,EACH,yes
8532_UOMEACH,Food Cont (S) Lid,3.5500,EACH,yes
8536_UOMEACH,Food Cont (L) BD,7.4100,EACH,yes
8540_UOMEACH,Food Cont (L) LD,4.1500,EACH,yes
8544_UOMEACH,Food Cont (XL) BD,11.2200,EACH,yes
8548_UOMEACH,Food Cont (XL) LD,7.1100,EACH,yes
8552_UOMEACH,S Rice Box Body,13.7000,EACH,yes
8556_UOMEACH,S Rice Box Lid,8.4800,EACH,yes
8560_UOMEACH,Rice Mix Box,23.8500,EACH,yes
8564_UOMEACH,Rice Mix Box Lid,14.0100,EACH,yes
8568_UOMEACH,Rice Bin,28.4200,EACH,yes
8572_UOMEACH,Rice Scoop,8.8700,EACH,yes
8576_UOMEACH,Rice Spatula,5.0800,EACH,yes
8580_UOMEACH,Tong 12in,4.6500,EACH,no
8584_UOMEACH,Measure Cup 1qt,9.3900,EACH,yes
8588_UOMEACH,Sauce Bottle,2.0300,EACH,yes
8600_UOMEACH,Bluetooth Adapter,113.4600,EACH,no
8704_UOMEACH,Temp Recorder UTRIX-16,30.8000,EACH,no
8705_UOMEACH,PH Tester,97.4400,EACH,yes
8710_UOMEACH,PH Replacment Tip,55.8300,EACH,yes
8712_UOMEACH,PH Tester Paper,15.2300,EACH,yes
8714_UOMEACH,Tablet. Hot Spare,600.0000,EACH,no
8715_UOMEACH,Label Machine,609.0000,EACH,yes
8716_UOMEACH,Tablet Bundle 2 TRI,830.2800,EACH,no
8717_UOMEACH,Tablets Bundle 1 TRI,1092.2400,EACH,no
8718_UOMEACH,Tablet Outer Case,25.0000,EACH,no
8719_UOMEACH,Zebra Printer LP2824,495.0000,EACH,no
8720_UOMEACH,Scanner,645.1600,EACH,yes
8721_UOMEACH,Tablet Bundle 1 WTP,1108.6200,EACH,yes
8722_UOMEACH,Tablet Bundle 2 WTP,842.7300,EACH,yes
8735_UOMEACH,Scan Sheet Single,5.0000,EACH,no
8740_UOMEACH,Scan Sheet Hap Heart,5.0000,EACH,no
8745_UOMEACH,Canarm Light,12.0000,EACH,no
8746_UOMEACH,LED Light Flute,16.0000,EACH,no
8750_UOMEACH,Thermometer  Digital,22.0300,EACH,yes
8755_UOMEACH,Rice Cooker,167.4800,EACH,yes
8760_UOMEACH,R Cook Inr. Pot,78.1600,EACH,yes
8765_UOMEACH,Rice Cooker Top,45.6800,EACH,yes
8770_UOMEACH,Digital Picture Frame,165.0000,EACH,no
8775_UOMEACH,Date Gun,76.1300,EACH,yes
8777_UOMEACH,Scales 20 lbs Digital,32.5000,EACH,no
8780_UOMEACH,Steamer. Dumpling,10.8600,EACH,yes
8902_UOMSET,HK Happi Coat & Hat,58.2000,SET,no
8904_UOMEACH,Chef Coat White Small,35.5300,EACH,yes
8905_UOMEACH,Chef Coat White Medium,35.5300,EACH,yes
8906_UOMEACH,Chef Coat White Lg,35.5300,EACH,yes
8907_UOMEACH,Chef Coat White XL,35.5300,EACH,yes
8910_UOMEACH,Chef Coat Black,35.5300,EACH,yes
8911_UOMEACH,Chef Coat. Black.Coastal Pacific,35.5300,EACH,yes
8915_UOMEACH,Chef Coat Harris-Teeter,35.5300,EACH,yes
8920_UOMEACH,Chef Coat Metropolitan,35.5300,EACH,yes
8920_UOMPK,Chef Coat Metropolitan,35.0000,PK,no
8925_UOMEACH,Chef Coat Red,35.5300,EACH,yes
8930_UOMEACH,Chef Coat Yamato,35.5300,EACH,yes
8930_UOMPK,Chef Coat Yamato,35.0000,PK,no
8931_UOMEACH,Wild Blue Chef Coat Sm,45.1000,EACH,yes
8932_UOMEACH,Wild Blue Chef Coat Med,45.1000,EACH,yes
8933_UOMEACH,Wild Blue Chef Coat Lrg,45.1000,EACH,yes
8934_UOMEACH,Wild Blue Chef Coat XL,45.1000,EACH,no
8935_UOMEACH,Happi Coat Red Giant Eagle,45.0000,EACH,no
8940_UOMEACH,Chef Coat Rouses,35.5300,EACH,yes
8943_UOMEACH,Chef Coat Green Small,35.5300,EACH,yes
8944_UOMEACH,Chef Coat Green Medium,35.5300,EACH,yes
8945_UOMEACH,Chef Coat Green Large,35.5300,EACH,yes
8950_UOMEACH,Polo Shirts White,21.9200,EACH,yes
8954_UOMEACH,Apron Black,11.1700,EACH,yes
8958_UOMEACH,Hat Black (M),6.8500,EACH,yes
8959_UOMEACH,HAT RED DEMO,6.8500,EACH,yes
8962_UOMEACH,HOT FOOD BASEBALL CAP,7.6100,EACH,yes
8966_UOMEACH,Name Badge,3.0500,EACH,yes
9051_UOMEACH,Hat White S.M.L,6.8500,EACH,yes
9055_UOMCS60,HK Bento Lunch Box 60PC/CS,60.0000,CS60,no
9055_UOMEACH,HK Bento Lunch Box 60PC/CS,1.0000,EACH,yes
9060_UOMCS,Plush Doll 30PC/CS(Hello Kitty),30.0000,CS,no
9061_UOMEACH,HK Plush Dolls Each,1.0000,EACH,no
9065_UOMEACH,HK Circle Button Badge,1.3500,EACH,no
9099_UOMEACH,Happi White (S),18.5000,EACH,no
9100_UOMEACH,Happi White (M),18.5000,EACH,no
9101_UOMEACH,Happi White (L),18.5000,EACH,no
9102_UOMEACH,Happi White (XL),18.5000,EACH,no
9103_UOMEACH,Happi Hat Whi S,6.7500,EACH,no
9104_UOMEACH,Happi Apron Grn,11.0000,EACH,no
9107_UOMEACH,Happi Hat (M),6.7500,EACH,no
9108_UOMEACH,Happi Hat (L),6.7500,EACH,no
9109_UOMEACH,Happi Blue SMLX,20.5000,EACH,no
9110_UOMEACH,Happi Blue LG,20.5000,EACH,no
9111_UOMEACH,Happi Blue SM,20.5000,EACH,no
9112_UOMEACH,Happi Blue M,20.5000,EACH,no
9113_UOMEACH,Happi Blue XLG,20.5000,EACH,no
9114_UOMEACH,Happi Hat Blue,6.7500,EACH,no
9117_UOMEACH,Happi Gold SML,22.5000,EACH,no
9118_UOMEACH,Happi Gold M,22.5000,EACH,no
9119_UOMEACH,Happi Gold LG,22.5000,EACH,no
9120_UOMEACH,Navy Chef Jacket,35.0000,EACH,no
9122_UOMEACH,Hat Black (S),6.8500,EACH,yes
9124_UOMEACH,Hat Black (L),6.8500,EACH,yes
9125_UOMEACH,Happi Gold XSML,22.5000,EACH,no
9126_UOMEACH,Hapi Oishisa SM,20.5000,EACH,no
9127_UOMEACH,Hapi Oishisa M,20.5000,EACH,no
9128_UOMEACH,Hapi Oishisa L,20.5000,EACH,no
9129_UOMEACH,Hapi Oishisa XL,20.5000,EACH,no
9130_UOMEACH,Hapi Wegman SM,18.5000,EACH,no
9131_UOMEACH,Hapi Wegman M,18.5000,EACH,no
9132_UOMEACH,Hapi Wegman L,18.5000,EACH,no
9133_UOMEACH,Hapi Wegman XL,18.5000,EACH,no
9135_UOMEACH,Happi HT M,36.8000,EACH,no
9136_UOMEACH,Happi HT L,36.8000,EACH,no
9137_UOMEACH,Hat HT M,8.0500,EACH,no
9138_UOMEACH,Hat HT L,8.0500,EACH,no
9139_UOMEACH,Happi HT SM,36.8000,EACH,no
9140_UOMEACH,Happi HT XLG,36.8000,EACH,no
9150_UOMEACH,CHEF COAT UNITED,28.9300,EACH,yes
9151_UOMEACH,Sweatshirt. Blk,17.0000,EACH,no
9152_UOMEACH,HAT RED DEMO,6.7500,EACH,no
9154_UOMEACH,Ninja Apron,9.5000,EACH,no
9159_UOMEACH,Chef Coat Green Small,35.0000,EACH,no
9161_UOMEACH,Chef Coat Green Medium,35.0000,EACH,no
9165_UOMEACH,Chef Coat Weg,25.0000,EACH,no
9166_UOMEACH,Chef Coat Marsh Black,25.0000,EACH,no
9171_UOMPK,Chef Coat Fortinos,25.0000,PK,no
9199_UOMEACH,Shelf Molding,5.6500,EACH,no
9200_UOMEACH,Menu Grill Bar,5.0000,EACH,no
9222_UOMEACH,Cap. Steam Table,8.0000,EACH,no
9223_UOMEACH,Apron Steam Table,13.0000,EACH,no
9224_UOMEACH,T-Shirt. Black Steam Table,10.1500,EACH,yes
9225_UOMEACH,T-Shirt. Green,10.0000,EACH,no
9252_UOMEACH,Rice Cooker/Warmer 20 cup,272.8500,EACH,no
9399_UOMEACH,Chopstick Color,1.5000,EACH,no
9400_UOMEACH,USB Picture Drive,8.0000,EACH,no
9440_UOMCS,944 HC Comp Tray,42.0200,CS,no
9500_UOMCS,Miso Soup Base,65.0000,CS,no
9799_UOMEACH,Sushi Robot SVR-NYA,12617.5000,EACH,no
98_UOMEACH,2oz Cup & Lid Set,17.1000,EACH,yes
9802_UOMEACH,Scanner Cable,129.0000,EACH,no
9803_UOMEACH,SCA Pow Supply,48.0000,EACH,no
9804_UOMEACH,PRI Power Supply,113.0000,EACH,no
9898_UOMEACH,Aluminum Mat. Hot FD,20.0000,EACH,no
9899_UOMEACH,Fake Ice Disp Set,100.0000,EACH,no
9900_UOMEACH,U-Boat Utility Cart,255.0000,EACH,no
9901_UOMEACH,Demo Table. Origami,143.0000,EACH,no
9902_UOMEACH,Retractable Banner GO,511.0000,EACH,no
9913_UOMEACH,Price Menu 200,10.0000,EACH,no
9916_UOMSET,Promotion Poster. Sticker 191167,25.4300,SET,no
9940_UOMCS,JFC Sushi Tray 0.8 (AFC235)  Set Case,127.0000,CS,no
9941_UOMCS,JFC Sushi Tray 1.0 (AFC-4) Set Case,165.0000,CS,yes
9942_UOMCS,JFC Sushi Tray 1.5 (AFC-5) Set Case,147.0000,CS,yes
9943_UOMCS,JFC Sushi Tray 2.0 (AFC-30) Set Cs,132.0000,CS,yes
9944_UOMCS,JFC Sushi TraySF27 (AFC-20) Set Cs,157.0000,CS,yes
9950_UOMEACH,Waterbase Frame 204245,199.0200,EACH,no
9951_UOMEACH,Waterbase Graphic Panel 195582,34.2400,EACH,no
9952_UOMEACH,Sushi Combo Sticker 203630,59.3900,EACH,no
9953_UOMEACH,$5 Sushi Friday 203347,34.7800,EACH,no
9954_UOMEACH,Customer Appreciation Letter 202797,5.9300,EACH,no
9955_UOMEACH,Deluxe Hot Bowl Sign 204873,29.9600,EACH,no
9956_UOMEACH,Hawaiian Poke Bowl Sign 205409,9.5500,EACH,no
9957_UOMEACH,$3  Off Holloween Sticker,0.8600,EACH,no
9958_UOMEACH,10% Off Dum W/Card,0.9600,EACH,no
9959_UOMEACH,Sup Bowl. Valen Static Cling 200097,26.6700,EACH,no
9960_UOMEACH,Hot Food Cat Poster 200239,6.4200,EACH,no
9987_UOMEACH,UPC Scan Book Full Set,45.0000,EACH,no
9992_UOMBOX,Disposable Face Mask 50pcs/box,30.4500,BOX,yes
9993_UOMPK,Hair Net for Kitchen,35.5300,PK,yes
9994_UOMEACH,Sanitizer for Kitchen,11.1700,EACH,yes
9995_UOMEACH,Dish Soap for Kitchen,5.0800,EACH,yes
9997_UOMEACH,SHIPPING & HANDLING,175.0000,EACH,no
9998_UOMEACH,WT Invoice No Tax,7.1500,EACH,no
9999_UOMEACH,15% OFF STICKERS,3.0000,EACH,no
X2406_UOMCS20,Shrimp Tray 30P,198.0000,CS20,no
X2406_UOMTRAY,Shrimp Tray 30P,9.9000,TRAY,no
X3665_UOMCASE,CT 04 600 pcs,84.9600,CASE,no
X8136_UOMEACH,Thermometer,11.3500,EACH,no
X8137_UOMEACH,Ladle 8oz,35.0000,EACH,no
XX3289_UOMCS15,Fried Onion. Top,27.0000,CS15,no
XX3289_UOMEACH,Fried Onion. Top,1.8000,EACH,no
Z1219_UOMTRAY,Uzushio Squid Tray,14.3000,TRAY,no
Z3087_UOMPK,DB-10 Top 50 pcs,5.0400,PK,no
Z3089_UOMPK,DB-10 R&B Body pk,13.7500,PK,no
Z3099_UOMPK,BF-10 Bento Set 50 pcs,25.8000,PK,no
Z4180_UOMPK,MB-430 Bowl Body,14.1000,PK,no
Z4182_UOMPK,MB-129 Bowl Top 50,6.2800,PK,no
Z5271_UOMPK,DB-101 Lid & Bowl,10.5000,PK,no
Z5283_UOMEACH,Lantern (Large),382.2000,EACH,no
Z5289_UOMEACH,Lantern (Medium),258.9700,EACH,no
Z5300_UOMCASE,24 oz Cup 500 pcs,29.5000,CASE,no
Z5302_UOMCASE,16 oz Noodle Set,52.2000,CASE,no
Z5333_UOMCS,16 oz Solo Miso Cup,66.5000,CS,no
Z5381_UOMPK,4 oz Cup 125 pcs,3.6300,PK,no
Z5385_UOMPK,4 oz Top 125 pcs,3.5900,PK,no
Z5401_UOMPK,2 oz Cup 125 pcs,2.3900,PK,no
Z5405_UOMPK,2 oz Top 100 pcs,2.7500,PK,no
Z5498_UOMCASE,Microwave Cup 1000,25.0000,CASE,no
Z5499_UOMCASE,Microwave Top 1000,16.0000,CASE,no
Z6630_UOMEACH,Digital Scale 11 lbs,31.1800,EACH,no
Z6681_UOMEACH,PRE PRINT LABEL,8.5000,EACH,no
Z7002_UOMROLL,Label No Raw,3.0000,ROLL,no
Z7104_UOMROLL,Label Caution Hot,14.5000,ROLL,no
Z7114_UOMROLL,P LA Frozen Dumpling,34.0000,ROLL,no
Z7122_UOMROLL,Thermo Brn R Weg,7.5000,ROLL,no
Z7126_UOMROLL,Thermo Weg Tsc,12.2000,ROLL,no
ZC0702_UOMEACH,COVER FD PAN 0.5 FLIP,11.9000,EACH,no
ZC4797_UOMEACH,ADAPTET PLATE 2 SLOT,14.3000,EACH,no
ZC7494_UOMEACH,YOSENABE STAINL 9.5IN,31.1900,EACH,no
ZC8781_UOMEACH,Chef Coat Black Small,25.7900,EACH,no
ZC8782_UOMEACH,Chef Coat Black Medium,25.7900,EACH,no
ZC9999_UOMEACH,Chef Mart Inv.,1.2000,EACH,no
