Item No,Item Description,Category,UOM,UOM Qty,Cost,Ext. Cost,Price,Ext. Price,Type,Status
2201,Amberjack (Yellowtail)  11 lbs,LBS,CS11,11,12.12000,133.32000,141.24000,1553.64000,Sales Inventory,Active
2202,Albacore Loin 11 lbs/CS,CS,CS,1,75.35000,75.35000,79.97000,79.97000,Discontinued,Inactive
2203,Tuna-AA  11#/BX,CS,CS,1,93.75000,93.75000,110.00000,110.00000,Sales Inventory,Active
2204,Tuna-A   (22),LBS,CS22,22,7.60000,167.20000,245.63000,5403.86000,Sales Inventory,Active
2205,Tuna- Block  22/CS,LBS,CS22,22,6.85000,150.70000,176.00000,3872.00000,Discontinued,Inactive
2206,Tuna- NTC  AAA  22lbs/CS,CS,CS,1,214.50000,214.50000,242.00000,242.00000,Discontinued,Inactive
2207,Albacore 22lbs.,CS,CS,1,181.50000,181.50000,174.40000,174.40000,Sales Inventory,Active
2208,Tuna-NTC    C    (22)/CS,LBS,CS22,22,8.00000,176.00000,165.00000,3630.00000,Discontinued,Inactive
2209,Tuna C-Tatakimi 22lbs,LBS,CS22,22,6.70000,147.40000,167.48000,3684.56000,Sales Inventory,Active
2210,MSC Tuna A,LBS,CS22,22,8.50000,187.00000,255.00000,5610.00000,Sales Inventory,Active
2211,MSC Albacore 22,CS,CS,1,181.50000,181.50000,200.20000,200.20000,Sales Inventory,Active
2212,Tuna w/ skin,LBS,CS22,22,7.95000,174.90000,220.00000,4840.00000,Sales Inventory,Active
2216,Tuna Tray,TRAY,CS35,35,6.48000,226.80000,238.02000,8330.70000,Sales Inventory,Active
2220,Smk Steelhead Loin   (24),LBS,CS24,24,11.40000,273.60000,264.00000,6336.00000,Discontinued,Inactive
2224,Froz Steelhead Fillet   (22),LBS,CS22,22,9.00000,198.00000,192.50000,4235.00000,Discontinued,Inactive
2228,Salmon Atl Hann   (22),LBS,CS22,22,8.20000,180.40000,264.88000,5827.36000,Discontinued,Inactive
2232,Smoked Atlantic  Salmon   (24),LBS,CS24,24,10.35000,248.40000,274.05000,6577.20000,Sales Inventory,Active
2234,Atlantic Salmon Bits and Pieces,LB,CS22,22,5.50000,121.00000,139.15000,3061.30000,Discontinued,Active
2236,Atlantic Salmon 22,LBS,CS22,22,6.60000,145.20000,222.18000,4887.96000,Sales Inventory,Active
2236,Atlantic Salmon 22,LBS,CS33,33,6.60000,217.80000,328.35000,10835.55000,Sales Inventory,Active
2237,ASC Atlantic Salmon,LBS,CS22,22,6.60000,145.20000,190.00000,4180.00000,Sales Inventory,Active
2238,Pre Cut Atlantic Salmon 10/CS,LBS,CS10,10,7.10000,71.00000,121.80000,1218.00000,Sales Inventory,Active
2240,Salmon with Skin,LBS,CS33,33,6.15000,202.95000,239.25000,7895.25000,Sales Inventory,Active
2240,Salmon with Skin,LBS,CS22,22,6.15000,135.30000,161.89000,3561.58000,Sales Inventory,Active
2244,Salmon.Grilled  Coho Roast Fzn. 22/CS,CS,CS,1,199.82000,199.82000,269.99000,269.99000,Sales Inventory,Active
2245,Sockeye Salmon Fil,LBS,LBS,1,12.50000,12.50000,12.63000,12.63000,Discontinued,Inactive
2248,Tilapia Fillet   10 lbs box,LBS,CS10,10,5.45000,54.50000,62.68000,626.80000,Discontinued,Inactive
2249,Tilapia Fiflet  10#/CS Tristan,CS,CS10,10,77.50000,775.00000,82.95000,829.50000,Discontinued,Inactive
2252,Fresh Water Eel   (11),LBS,CS11,11,16.67000,183.37000,230.40000,2534.40000,Sales Inventory,Active
2256,Fresh Water Eel 20P Tray,TRAY,CS16,16,5.20000,83.20000,120.00000,1920.00000,Discontinued,Inactive
2259,Unakaba. Imitation Eel 4/24/CS,PK,CS24,24,0.78000,18.72000,21.12000,506.88000,Sales Inventory,Active
2259,Unakaba. Imitation Eel 4/24/CS,PK,CS96,96,0.78000,74.88000,84.48000,8110.08000,Sales Inventory,Active
2260,Minced Fr Wtr Eel 22PK,PK,CS22,22,7.48000,164.56000,240.02000,5280.44000,Discontinued,Active
2268,Baby Octopus 12/2.2 lbs/CS,PK,CS12,12,16.48000,197.76000,207.24000,2486.88000,Discontinued,Inactive
2272,Squid 20P 12tray/CS,TRAY,CS12,12,4.80000,57.60000,62.76000,753.12000,Discontinued,Inactive
2276,Octopus 20P 12 tray/CS,TRAY,CS12,12,5.32000,63.84000,72.00000,864.00000,Discontinued,Inactive
2406,Shrimp Tray Vannamei 20tray/CS,TRAY,CS20,20,5.42000,108.40000,161.99000,3239.80000,Sales Inventory,Active
2412,Shrimp Broken 20bag/CS,BAG,CS20,20,4.06000,81.20000,122.40000,2448.00000,Discontinued,Active
2418,Tempura Shrimp 10Pc 15tray/CS,TRAY,CS15,15,3.27000,49.05000,92.57000,1388.55000,Sales Inventory,Active
2424,Shrimp Tray Hannaford 30/30pc,CS,CS,1,170.00000,170.00000,225.00000,225.00000,Discontinued,Inactive
2430,Shr Tempura Han 100pc/CS,CS,CS,1,34.00000,34.00000,44.40000,44.40000,Discontinued,Inactive
2432,Special Tempura/Hot Bowl 10p/16tray/CS,CS,CS,1,48.00000,48.00000,57.60000,57.60000,Sales Inventory,Inactive
2436,Baby Shrimp 5 lbs 4bag/CS,BAG,CS4,4,28.00000,112.00000,182.70000,730.80000,Sales Inventory,Active
2440,Crab Stick Imi  H.G. CS16,PK,CS16,16,4.12000,65.92000,98.56000,1576.96000,Sales Inventory,Active
2441,Crab Flake Imi  H.G.CS16,PK,CS16,16,3.84000,61.44000,89.60000,1433.60000,Sales Inventory,Active
2442,AFC Crab Shredded CS16,PK,CS16,16,3.95000,63.20000,98.56000,1576.96000,Sales Inventory,Active
2443,Crab Stick India CS16,PACK,CS16,16,3.92000,62.72000,89.60000,1433.60000,Sales Inventory,Active
2444,Natural Imitation Crab Stick,CS,CS,1,61.77000,61.77000,73.92000,73.92000,Sales Inventory,Active
2451,Imi Crab Flake Kosher,CS,CS,1,55.00000,55.00000,64.90000,64.90000,Sales Inventory,Active
2460,Boiled Crab   (1) 24/CS,LB,CS24,24,13.79000,330.96000,177.12000,4250.88000,Discontinued,Active
2466,Real Crab   (5) 25lb/CS,LB,CS25,25,8.25000,206.25000,222.03000,5550.75000,Sales Inventory,Active
2472,Kosh Imit Crab Stick 12/1lbs,CS,CS,1,65.00000,65.00000,71.39000,71.39000,Sales Inventory,Active
2605,Fried Tofu Cubes 10 x 2.2lbs,CASE,CASE,1,62.50000,62.50000,69.78000,69.78000,Sales Inventory,Active
2606,Natural Tempura Crispy 6bag/CS,BAG,CS6,6,7.25000,43.50000,48.57000,291.42000,Sales Inventory,Active
2619,Fish Roe Masago 4.4 lbs  4/CS,PK,CS4,4,31.50000,126.00000,122.82000,491.28000,Sales Inventory,Active
2625,Fish Roe Masago 0.44 lbs. 30pk/cs,PK,CS30,30,2.80000,84.00000,96.20000,2886.00000,Sales Inventory,Active
2630,Tobiko Red  12/1.1 lbs/CS,PK,CS12,12,12.50000,150.00000,200.97000,2411.64000,Sales Inventory,Active
2642,Mushroom  1.1 lbs 10/CS,PK,CS10,10,4.50000,45.00000,52.78000,527.80000,Sales Inventory,Active
2648,Gourd 2.2LB 10/CS,PK,CS10,10,9.00000,90.00000,121.80000,1218.00000,Sales Inventory,Active
2648,Gourd 2.2LB 10/CS,PK,PK,1,9.00000,9.00000,12.18000,12.18000,Sales Inventory,Active
2654,Carrot 2.2 lbs 6/CS,PK,CS6,6,3.50000,21.00000,21.60000,129.60000,Sales Inventory,Active
2660,Edamame Beans 10/2lbs,BAG,BAG,1,3.13000,3.13000,2.96000,2.96000,Sales Inventory,Active
2660,Edamame Beans 10/2lbs,BAG,CS10,10,3.13000,31.30000,29.64000,296.40000,Sales Inventory,Active
2662,Kosher Edamame,CS,CS,1,24.00000,24.00000,25.36000,25.36000,Discontinued,Inactive
2663,Edamame Beans NTC 20/400g,CS,CS,1,16.10000,16.10000,17.80000,17.80000,Discontinued,Inactive
2666,Egg Cake 20/CS,EACH,CS5,5,3.75000,18.75000,19.05000,95.25000,Sales Inventory,Active
2666,Egg Cake 20/CS,EACH,CS20,20,3.75000,75.00000,76.13000,1522.60000,Sales Inventory,Active
2672,Seabreeze Salad  24/1.1  LBS/CS,EACH,CS24,24,3.77000,90.48000,137.94000,3310.56000,Sales Inventory,Active
2678,Calamari Salad  24/1.1 lbs/CS,EACH,CS24,24,5.04000,120.96000,159.68000,3832.32000,Sales Inventory,Active
2682,AFC Fusion Spicy Sauce,CASE,CASE,1,45.20000,45.20000,49.72000,49.72000,Sales Inventory,Active
27,PALLET,EACH,EACH,1,7.50000,7.50000,10.00000,10.00000,Sales Inventory,Active
2805,Grilled Chicken 2/5lb/CS,BAG,CS2,2,16.00000,32.00000,37.35000,74.70000,Sales Inventory,Active
2810,Grilled Dumpling Shrimp 30/CS,BAG,CS30,30,3.90000,117.00000,140.00000,4200.00000,Sales Inventory,Active
2816,Chicken Gyoza  Siracha (RED) 10/49pc,CS,CS,1,46.80000,46.80000,53.80000,53.80000,Discontinued,Inactive
2817,Chicken Gyoza Mushroom (ORANGE) 10/49pc,CS,CS,1,46.80000,46.80000,53.80000,53.80000,Sales Inventory,Active
2818,Chicken Gyoza  Leek (WHITE) 10/49pc,CS,CS,1,46.80000,46.80000,53.80000,53.80000,Sales Inventory,Active
2819,Pre Fried Spring Roll 200pc/CS,CS,CS,1,45.00000,45.00000,50.24000,50.24000,Sales Inventory,Active
2820,Shumai 104P/CS,CS,CS,1,25.85000,25.85000,30.15000,30.15000,Sales Inventory,Active
2821,Pork Shumai 108pc/CS,CS,CS,1,26.20000,26.20000,29.25000,29.25000,Sales Inventory,Active
2822,AFC Sukiyaki Beef 12/1lbs,CS,CS,1,55.20000,55.20000,63.34000,63.34000,Sales Inventory,Active
2824,Chicken Katsu 30lb/CS,CS,CS,1,101.40000,101.40000,123.00000,123.00000,Sales Inventory,Active
2825,#1 Sliced Beef 6/4.4lbs,CS,CS,1,95.80000,95.80000,105.50000,105.50000,Discontinued,Inactive
2826,Asian BBQ Beef 30#,CS,CS,1,131.70000,131.70000,146.36000,146.36000,Sales Inventory,Active
2827,Yakiniku  Beef  10/2.2lb,CS,CS,1,73.20000,73.20000,79.90000,79.90000,Sales Inventory,Active
2828,Diced Pastrami  4BAG/CS,BAG,CS4,4,16.38000,65.52000,48.51000,194.04000,Sales Inventory,Active
2829,Japanese Meatball 10pk/cs,CS,CS,1,63.80000,63.80000,70.20000,70.20000,Sales Inventory,Active
2830,#2 Chicken Karaage 4x5 lbs,BAG,CS4,4,12.25000,49.00000,71.00000,284.00000,Discontinued,Inactive
2831,Crispy Chicken (Karaage) 30#/CS,CS,CS,1,67.20000,67.20000,75.03000,75.03000,Sales Inventory,Active
2835,#3 Teriyaki Chicken 5x5.28 lbs bag,BAG,CS5,5,16.10000,80.50000,91.62000,458.10000,Sales Inventory,Active
2836,#3 Teriyaki Chicken OH,CS,CS,1,107.10000,107.10000,123.83000,123.83000,Sales Inventory,Active
2837,Chicken Skewers (Yakitori) 20bags/cs,CS,CS,1,86.00000,86.00000,96.00000,96.00000,Sales Inventory,Active
2840,#6 Chicken Breast 10 lbs/CS,CS,CS,1,42.75000,42.75000,50.24000,50.24000,Sales Inventory,Active
2843,Pork Chashu  8LBS/CS,CS,CS,1,74.27000,74.27000,91.46000,91.46000,Sales Inventory,Active
2845,UDON. SANUKI 8/2.75lbs,CS,CS,1,20.80000,20.80000,26.19000,26.19000,Sales Inventory,Active
2846,Chicken Chashu w/Soy 20/1lbs,CASE,CASE,1,89.87000,89.87000,114.19000,114.19000,Sales Inventory,Active
2847,AFC Tonkotsu Ramen  w/Vegetables  50pc/6oz,CASE,CASE,1,115.00000,115.00000,31.63000,31.63000,Sales Inventory,Active
2855,Yakisoba. JSL  Fzn Noodles 5/4lbs,CS,CS,1,18.67000,18.67000,19.29000,19.29000,Sales Inventory,Active
2857,#2  Fzn Yakisoba Noodle  MC Wavw 10/2.2lbs Otafuku,CS,CS,1,40.00000,40.00000,42.80000,42.80000,Sales Inventory,Inactive
2861,Fzn Ramen Noodles. MTC 40pc,CS,CS,1,27.20000,27.20000,29.54000,29.54000,Sales Inventory,Active
2862,Ramen Yamachan 40pc/cs,CS,CS,1,20.80000,20.80000,22.26000,22.26000,Sales Inventory,Active
2863,Frozen Cooked  Ramen  Noodles 5/8/200g,CS,CS,1,15.55000,15.55000,9.00000,9.00000,Discontinued,Active
2865,INARI PACK 30 pc 20/CS,PACK,CS20,20,2.81000,56.20000,71.50000,1430.00000,Sales Inventory,Active
2870,Natural Inari 10/60pc,PK,CS10,10,5.53000,55.30000,70.24000,702.40000,Sales Inventory,Active
2875,Classic Yummy Sauce 4/Gal/CS,BOT,CS4,4,21.63000,86.52000,92.20000,368.80000,Sales Inventory,Active
2876,Yuzu Sauce 10/per Cs,BOT,CS10,10,20.00000,200.00000,223.30000,2233.00000,Sales Inventory,Active
2877,Vegetable Curry CS50,CS,CS,1,46.19000,46.19000,50.85000,50.85000,Sales Inventory,Active
2884,Fzn Veg. Curry Concentrate,EACH,CS4,4,43.75000,175.00000,100.00000,400.00000,Discontinued,Inactive
2885,Fzn AFC Goma Sesame Dressing 12/kg Otafu,PK,CS12,12,3.50000,42.00000,45.00000,540.00000,Sales Inventory,Active
2887,Tempura String Beans,CS,CS,1,43.40000,43.40000,45.57000,45.57000,Discontinued,Inactive
2888,Fzn Yasai Mix Veg.,CS,CS,1,43.20000,43.20000,42.84000,42.84000,Discontinued,Inactive
2889,Ebi Fry  (Fried Shrimp) 100pc/CS,CS,CS,1,38.00000,38.00000,39.00000,39.00000,Discontinued,Inactive
2890,HK Style BBQ Pork 16/0.8lbs,CS,CS,1,50.88000,50.88000,56.00000,56.00000,Discontinued,Inactive
2999,Waygu,CS,CS,1,102.96000,102.96000,113.30000,113.30000,Sales Inventory,Active
3205,Ginger A 20LB,EACH,EACH,1,29.00000,29.00000,39.60000,39.60000,Sales Inventory,Active
3210,Ginger B 20LB,EACH,EACH,1,30.00000,30.00000,39.60000,39.60000,Sales Inventory,Active
3215,Wasabi 2.2lb,PK,PK,1,3.94000,3.94000,6.36000,6.36000,Sales Inventory,Active
3215,Wasabi 2.2lb,PK,CS16,16,3.94000,63.04000,101.82000,1629.12000,Sales Inventory,Active
3219,Toasted Dry Seaweed 40pks,CS,CS,1,306.00000,306.00000,498.00000,498.00000,Discontinued,Inactive
3220,Seaweed Nori 200 1/2SH,BAG,BAG,1,7.77000,7.77000,12.64000,12.64000,Sales Inventory,Active
3220,Seaweed Nori 200 1/2SH,BAG,CS40,40,7.77000,310.80000,505.47000,20218.80000,Sales Inventory,Active
3235,Soy Sauce L/S 1000 pc,CS,CS,1,15.02000,15.02000,16.54000,16.54000,Sales Inventory,Active
3236,Wild Blue Soy Sauce L/S 1000pc,CS,CS,1,19.89000,19.89000,22.21000,22.21000,Sales Inventory,Active
3240,Soy Sauce Special IZU,CS,CS,1,15.40000,15.40000,15.40000,15.40000,Sales Inventory,Active
3245,PREMIUM RICE 40 lbs,BAG,BAG,1,16.00000,16.00000,19.13000,19.13000,Sales Inventory,Active
3246,AFC Brown Rice  40#,BAG,BAG,1,16.52000,16.52000,20.44000,20.44000,Sales Inventory,Active
3247,Brown Rice. Mitsuhikari 10 kg,BAG,BAG,1,0.00000,0.00000,5.00000,5.00000,Discontinued,Inactive
3250,Brown Rice 50 lbs,BAG,BAG,1,21.00000,21.00000,25.18000,25.18000,Discontinued,Inactive
3253,SPECIAL Military Brown Rice,BAG,BAG,1,30.05000,30.05000,30.45000,30.45000,Sales Inventory,Active
3254,Black Glutinous Rice  10x5lbs,BAG,BAG,1,7.90000,7.90000,8.76000,8.76000,Sales Inventory,Inactive
3256,Vinegar  H-100 Natural 5.28gal,CS,CS,1,26.02000,26.02000,32.06000,32.06000,Sales Inventory,Active
3257,Rice Mix Takikomi Gomoku,CS,CS,1,49.00000,49.00000,51.45000,51.45000,Discontinued,Inactive
3260,Fish Powder 1LB,EACH,EACH,1,8.50000,8.50000,9.50000,9.50000,Discontinued,Inactive
3265,Sesame Seeds 5LB,BAG,BAG,1,10.55000,10.55000,11.78000,11.78000,Sales Inventory,Active
3265,Sesame Seeds 5LB,BAG,CS8,8,10.55000,84.40000,94.23000,753.84000,Sales Inventory,Active
3270,Sesame Seed Blk 8oz,BOT,BOT,1,2.46000,2.46000,3.05000,3.05000,Sales Inventory,Active
3270,Sesame Seed Blk 8oz,BOT,CS12,12,2.46000,29.52000,36.54000,438.48000,Sales Inventory,Active
3275,S. Bonito Small,EACH,EACH,1,9.00000,9.00000,10.00000,10.00000,Discontinued,Inactive
3275,S. Bonito Small,EACH,CS12,12,9.00000,108.00000,120.00000,1440.00000,Discontinued,Inactive
3280,Tapioca (Spring Roll Wrap) Paper 50pc,EACH,EACH,1,2.91000,2.91000,3.70000,3.70000,Sales Inventory,Active
3280,Tapioca (Spring Roll Wrap) Paper 50pc,EACH,CS10,10,2.91000,29.10000,36.96000,369.60000,Sales Inventory,Active
3289,Fried Onion,EACH,CS15,15,2.40000,36.00000,27.41000,411.15000,Sales Inventory,Active
3289,Fried Onion,EACH,EACH,1,2.40000,2.40000,1.83000,1.83000,Sales Inventory,Active
3290,Fried Onions 10/1kg,EACH,CS10,10,2.60000,26.00000,36.54000,365.40000,Sales Inventory,Active
3293,Nori Komi,PACK,PACK,1,12.00000,12.00000,14.25000,14.25000,Sales Inventory,Inactive
3299,Seaweed Salad Mix. Dry 2/12/50g,EACH,EACH,1,12.21000,12.21000,14.00000,14.00000,Discontinued,Inactive
3308,To Go Soy  L/S 1000pc Canada,CS,CS,1,15.40000,15.40000,17.66000,17.66000,Sales Inventory,Active
3403,Kikk Sushi Sauce  0.5 gal,BOT,BOT,1,6.92000,6.92000,8.50000,8.50000,Sales Inventory,Active
3403,Kikk Sushi Sauce  0.5 gal,BOT,CS6,6,6.92000,41.52000,51.00000,306.00000,Sales Inventory,Active
3404,Sushi Sauce Case  4/gal,BOT,BOT,1,13.99000,13.99000,15.73000,15.73000,Sales Inventory,Active
3404,Sushi Sauce Case  4/gal,BOT,CS4,4,13.99000,55.96000,62.93000,251.72000,Sales Inventory,Active
3406,Kik Ponzu Sauce 500pc,CS,CS,1,14.18000,14.18000,16.24000,16.24000,Sales Inventory,Active
3409,Wasabi Sauce 0.5G,BOT,BOT,1,9.43000,9.43000,11.80000,11.80000,Sales Inventory,Active
3409,Wasabi Sauce 0.5G,BOT,CS6,6,9.43000,56.58000,70.83000,424.98000,Sales Inventory,Active
3412,Premium Spicy Sauce 0.5G,BOT,BOT,1,11.65000,11.65000,12.18000,12.18000,Sales Inventory,Active
3412,Premium Spicy Sauce 0.5G,BOT,CS6,6,11.65000,69.90000,73.08000,438.48000,Sales Inventory,Active
3415,Hot Garlic Sauce,BOT,CS4,4,16.50000,66.00000,73.69000,294.76000,Sales Inventory,Active
3415,Hot Garlic Sauce,BOT,BOT,1,16.50000,16.50000,17.26000,17.26000,Sales Inventory,Active
3418,Sweet  Chili SA 200,CS,CS,1,21.46000,21.46000,31.72000,31.72000,Sales Inventory,Active
3419,Chili Oil for Sushi,CS,CS,1,35.94000,35.94000,39.55000,39.55000,Sales Inventory,Active
3420,Chili Oil for Hot Food,CS,CS,1,32.56000,32.56000,35.82000,35.82000,Sales Inventory,Active
3421,Hoisin Sauce 200,CS,CS,1,18.83000,18.83000,29.26000,29.26000,Sales Inventory,Inactive
3424,Spicy Sesame Oil,BOT,BOT,1,14.70000,14.70000,21.32000,21.32000,Sales Inventory,Active
3424,Spicy Sesame Oil,BOT,CS6,6,14.70000,88.20000,127.89000,767.34000,Sales Inventory,Active
3427,Sriracha L 28oz,BOT,BOT,1,2.13000,2.13000,2.28000,2.28000,Sales Inventory,Active
3427,Sriracha L 28oz,BOT,CS12,12,2.13000,25.56000,27.41000,328.92000,Sales Inventory,Active
3429,Katsu Sauce 6/cs,BOT,BOT,1,6.20000,6.20000,6.82000,6.82000,Sales Inventory,Active
3429,Katsu Sauce 6/cs,BOT,CS6,6,6.20000,37.20000,41.53000,249.18000,Sales Inventory,Active
3430,**AFC Basic Sauce,CS,CS,1,25.32000,25.32000,28.27000,28.27000,Sales Inventory,Active
3431,AFC BBQ Sauce,CS,CS,1,28.60000,28.60000,31.46000,31.46000,Discontinued,Inactive
3432,Chicken Bouillon Powder,CS,CS,1,27.30000,27.30000,30.03000,30.03000,Sales Inventory,Active
3433,**AFC Orange Sauce,CS,CS,1,23.52000,23.52000,26.26000,26.26000,Sales Inventory,Active
3434,AFC Peking Sauce,CS,CS,1,34.54000,34.54000,37.99000,37.99000,Discontinued,Inactive
3435,**AFC Sesame Sauce,CS,CS,1,23.55000,23.55000,26.29000,26.29000,Sales Inventory,Active
3436,**AFC Stir Fry Sauce,CS,CS,1,24.00000,24.00000,26.80000,26.80000,Sales Inventory,Active
3437,**Sweet & Sour Sauce,BOT,BOT,1,5.73000,5.73000,6.40000,6.40000,Sales Inventory,Active
3437,**Sweet & Sour Sauce,BOT,CS4,4,5.73000,22.92000,25.58000,102.32000,Sales Inventory,Active
3438,**AFC Yakiniku Sauce,BOT,CS4,4,12.63000,50.52000,56.49000,225.96000,Sales Inventory,Active
3438,**AFC Yakiniku Sauce,BOT,BOT,1,12.63000,12.63000,14.13000,14.13000,Sales Inventory,Active
3439,Micro Noodle Bowl 38oz,CS,CS,1,43.32000,43.32000,48.36000,48.36000,Sales Inventory,Active
3440,Mushroom Bouillon Powder 12/CS,EACH,EACH,1,2.21000,2.21000,2.45000,2.45000,Sales Inventory,Active
3443,**Classic Teriyaki Sauce 12 bag/1kg,BAG,CS12,12,2.25000,27.00000,31.06000,372.72000,Sales Inventory,Active
3444,Sweet & Sour Bag 12 bag,BAG,CS12,12,2.62000,31.44000,36.00000,432.00000,Discontinued,Inactive
3444,Sweet & Sour Bag 12 bag,BAG,BAG,1,2.62000,2.62000,3.00000,3.00000,Discontinued,Inactive
3445,AFC Sweet & Spicy Dipping Sauce,CS,CS,1,47.20000,47.20000,53.59000,53.59000,Sales Inventory,Active
3446,AFC Fusion Spicy Sauce,CASE,CASE,1,42.50000,42.50000,46.75000,46.75000,Discontinued,Inactive
3447,AFC Spicy Bomb Sauce,CASE,CASE,1,52.00000,52.00000,40.64000,40.64000,Sales Inventory,Active
3448,Yakisoba Sauce,BOT,BOT,1,7.57000,7.57000,8.88000,8.88000,Sales Inventory,Active
3448,Yakisoba Sauce,BOT,CS6,6,7.57000,45.42000,53.29000,319.74000,Sales Inventory,Active
3450,Basic Sauce,BOT,BOT,1,9.00000,9.00000,10.75000,10.75000,Discontinued,Inactive
3450,Basic Sauce,BOT,CS4,4,9.00000,36.00000,43.00000,172.00000,Discontinued,Inactive
3451,Okonomi  Sauce,BOT,CS6,6,44.00000,264.00000,50.58000,303.48000,Discontinued,Inactive
3451,Okonomi  Sauce,BOT,BOT,1,44.00000,44.00000,4.22000,4.22000,Discontinued,Inactive
3454,NEW YAKINIKU SAUCE 1 GAL,BOT,BOT,1,18.00000,18.00000,19.85000,19.85000,Discontinued,Active
3454,NEW YAKINIKU SAUCE 1 GAL,BOT,CS4,4,18.00000,72.00000,79.40000,317.60000,Discontinued,Active
3463,Men Tsuyu  (Soup Base) 12/16oz,BOT,CS12,12,2.95000,35.40000,38.25000,459.00000,Sales Inventory,Active
3463,Men Tsuyu  (Soup Base) 12/16oz,BOT,BOT,1,2.95000,2.95000,3.19000,3.19000,Sales Inventory,Active
3466,Creamy Sesame Dressing 6/32oz,CS,CS,1,40.50000,40.50000,44.55000,44.55000,Sales Inventory,Active
3467,Creamy Sesame Dressing CS12,BOT,CS12,12,2.60000,31.20000,34.83000,417.96000,Sales Inventory,Inactive
3468,Chinese Style Sesame Dressing,CS,CS,1,58.80000,58.80000,64.80000,64.80000,Sales Inventory,Active
3470,Orange Sauce 15/2lbs,BAG,CS15,15,1.70000,25.50000,32.25000,483.75000,Discontinued,Inactive
3485,Miso Ramen Soup 6/2kg,BOT,CS6,6,20.78000,124.68000,139.22000,835.32000,Sales Inventory,Active
3485,Miso Ramen Soup 6/2kg,BOT,BOT,1,20.78000,20.78000,23.20000,23.20000,Sales Inventory,Active
3491,Premium AFC Poke Sauce 8/720g,CS,CS,1,69.00000,69.00000,77.14000,77.14000,Sales Inventory,Active
3492,Premium AFC Poke Sauce PK,PK,PK,1,8.62000,8.62000,9.50000,9.50000,Discontinued,Active
3604,Retail Pickeled Ginger Calif Cup,BOT,CS12,12,0.65000,7.80000,14.62000,175.44000,Sales Inventory,Active
3605,Sushi Gari BOT,BOT,BOT,1,0.90000,0.90000,1.20000,1.20000,Sales Inventory,Active
3605,Sushi Gari BOT,BOT,CS12,12,0.90000,10.80000,14.62000,175.44000,Sales Inventory,Active
3610,R Sesame 4oz,BOT,BOT,1,0.67000,0.67000,0.91000,0.91000,Sales Inventory,Active
3610,R Sesame 4oz,BOT,CS12,12,0.67000,8.04000,10.96000,131.52000,Sales Inventory,Active
3615,Grated Wasabi,EACH,EACH,1,1.17000,1.17000,1.62000,1.62000,Sales Inventory,Active
3615,Grated Wasabi,EACH,CS20,20,1.17000,23.40000,32.48000,649.60000,Sales Inventory,Active
3630,Wasabi Sauce,BOT,BOT,1,1.95000,1.95000,2.45000,2.45000,Discontinued,Active
3630,Wasabi Sauce,BOT,CS12,12,1.95000,23.40000,29.40000,352.80000,Discontinued,Active
3635,Retail Sushi Seaweed 50pk,CS,CS,1,24.62000,24.62000,50.00000,50.00000,Sales Inventory,Active
3637,Calpico Original,CASE,CASE,1,31.00000,31.00000,34.10000,34.10000,Discontinued,Active
3638,Calpico Strawberry,CASE,CASE,1,31.00000,31.00000,34.10000,34.10000,Discontinued,Active
3639,Calpico Mango,CASE,CASE,1,31.00000,31.00000,34.10000,34.10000,Discontinued,Active
3640,Green Tea  24 Can,CS,CS,1,12.25000,12.25000,13.04000,13.04000,Sales Inventory,Active
3647,Soy Sauce Bottle,BOT,BOT,1,1.14000,1.14000,1.07000,1.07000,Sales Inventory,Active
3647,Soy Sauce Bottle,BOT,CS12,12,1.14000,13.68000,12.80000,153.60000,Sales Inventory,Active
3648,Soy Sauce Bottle 24 cs,BOT,CS24,24,1.25000,30.00000,32.68000,784.32000,Sales Inventory,Active
3650,S Vineger,BOT,BOT,1,1.56000,1.56000,1.35000,1.35000,Sales Inventory,Active
3650,S Vineger,BOT,CS12,12,1.56000,18.72000,16.20000,194.40000,Sales Inventory,Active
3655,Tofu Miso Soup 24/CS,CS,CS,1,14.10000,14.10000,19.49000,19.49000,Sales Inventory,Active
3660,Veg. Miso Soup 24/CS,CS,CS,1,13.81000,13.81000,18.91000,18.91000,Sales Inventory,Active
3665,Sushi Kit New,EACH,EACH,1,9.40000,9.40000,18.00000,18.00000,Discontinued,Active
3804,Sesame Soy Wrapper 20/10pk,CS,CS,1,65.00000,65.00000,72.57000,72.57000,Discontinued,Active
3805,Yellow Soy Wrapper 20/10pks,CS,CS,1,65.00000,65.00000,72.57000,72.57000,Sales Inventory,Active
3806,Green Apple Origami Wrap 50pc/CS,PACK,PACK,1,12.00000,12.00000,12.54000,12.54000,Discontinued,Inactive
3807,Tomato Origami Wraps 50pc/CS,PACK,PACK,1,12.00000,12.00000,12.54000,12.54000,Discontinued,Inactive
3808,Mango Chipotle Origami Wraps 50pk/cs,PACK,PACK,1,12.00000,12.00000,13.40000,13.40000,Sales Inventory,Active
3809,Color Soy Wrap,PK,PK,1,2.50000,2.50000,3.05000,3.05000,Sales Inventory,Active
3809,Color Soy Wrap,PK,CS24,24,2.50000,60.00000,73.08000,1753.92000,Sales Inventory,Active
3810,Soy Wrap Nori White,CS,CS,1,108.50000,108.50000,119.35000,119.35000,Sales Inventory,Active
3811,Furikake Nori Rice mix,EACH,EACH,1,12.75000,12.75000,14.25000,14.25000,Sales Inventory,Inactive
3812,Old Bay Season,EACH,EACH,1,2.06000,2.06000,2.40000,2.40000,Discontinued,Inactive
3812,Old Bay Season,EACH,CS12,12,2.06000,24.72000,28.80000,345.60000,Discontinued,Inactive
3818,Wheat Grain 44lb,EACH,EACH,1,411.33000,411.33000,446.00000,446.00000,Discontinued,Inactive
3820,Kosher Ginger,EACH,EACH,1,29.00000,29.00000,72.57000,72.57000,Sales Inventory,Active
3825,Kosher Wasabi 1KG,EACH,EACH,1,7.50000,7.50000,25.38000,25.38000,Sales Inventory,Active
3830,Kosher Nori 12/30sh,CS,CS,1,141.00000,141.00000,147.18000,147.18000,Sales Inventory,Active
3835,Kosher Soy,CS,CS,1,14.00000,14.00000,16.50000,16.50000,Discontinued,Inactive
3840,Natural Ginger 20LB,EACH,EACH,1,30.00000,30.00000,38.57000,38.57000,Sales Inventory,Active
3850,Natural Wasabi 2.2LB,BAG,CS16,16,5.47000,87.52000,128.30000,2052.80000,Sales Inventory,Active
3850,Natural Wasabi 2.2LB,BAG,BAG,1,5.47000,5.47000,8.02000,8.02000,Sales Inventory,Active
3860,Natural Vin Orange 5.28gal,CS,CS,1,30.36000,30.36000,33.75000,33.75000,Sales Inventory,Active
3870,Beet Root Chips,BAG,BAG,1,28.25000,28.25000,0.01000,0.01000,Sales Inventory,Active
3871,Okra Chips,BAG,BAG,1,24.55000,24.55000,0.01000,0.01000,Sales Inventory,Active
3999,Vegetarian Oyster Sauce 4/CS,BOT,BOT,1,5.59000,5.59000,6.25000,6.25000,Sales Inventory,Active
4192,Yamachan Ramen 40/CS,CS,CS,1,20.80000,20.80000,22.59000,22.59000,Sales Inventory,Active
4777,CH-82 Fold Tray,PK,PK,1,2.55000,2.55000,4.65000,4.65000,Sales Inventory,Active
4777,CH-82 Fold Tray,PK,CS16,16,2.55000,40.80000,74.40000,1190.40000,Sales Inventory,Active
4998,16 oz MIC Bowl Set 50 pcs,PK,PK,1,0.00000,0.00000,16.65000,16.65000,Sales Inventory,Active
5110,FET 1.0 Eco Tray Body 100pc,PK,PK,1,14.00000,14.00000,9.35000,9.35000,Sales Inventory,Active
5110,FET 1.0 Eco Tray Body 100pc,PK,CS8,8,14.00000,112.00000,74.80000,598.40000,Sales Inventory,Active
5111,FET 1.0 Eco Tray Lid 50pc,PK,CS16,16,3.95000,63.20000,58.96000,943.36000,Sales Inventory,Active
5111,FET 1.0 Eco Tray Lid 50pc,PK,PK,1,3.95000,3.95000,3.75000,3.75000,Sales Inventory,Active
5115,FET  1.5 Eco Tray Body 100pc,PK,PK,1,18.42000,18.42000,10.01000,10.01000,Sales Inventory,Active
5115,FET  1.5 Eco Tray Body 100pc,PK,CS8,8,18.42000,147.36000,78.67000,629.36000,Sales Inventory,Active
5116,FET-1.5 Eco Tray Lid 50pc,PK,PK,1,4.56000,4.56000,4.50000,4.50000,Sales Inventory,Active
5116,FET-1.5 Eco Tray Lid 50pc,PK,CS16,16,4.56000,72.96000,70.75000,1132.00000,Sales Inventory,Active
5125,AFC H1 Heart Cont Body 20 PC,PK,PK,1,6.77000,6.77000,9.86000,9.86000,Sales Inventory,Active
5125,AFC H1 Heart Cont Body 20 PC,PK,CS20,20,6.77000,135.40000,193.60000,3872.00000,Sales Inventory,Active
5130,AFC H1 Heart Lid 20 PC,PK,PK,1,5.31000,5.31000,7.39000,7.39000,Sales Inventory,Active
5130,AFC H1 Heart Lid 20 PC,PK,CS20,20,5.31000,106.20000,145.20000,2904.00000,Sales Inventory,Active
5135,AFC-D1 Poke  Bowl Body 50pc PK,PK,PK,1,5.08000,5.08000,7.20000,7.20000,Discontinued,Inactive
5135,AFC-D1 Poke  Bowl Body 50pc PK,PK,CS12,12,5.08000,60.96000,86.40000,1036.80000,Discontinued,Inactive
5140,AFC-D1 Poke Bowl Lid 50pc PK,PK,PK,1,3.57000,3.57000,5.62000,5.62000,Discontinued,Inactive
5140,AFC-D1 Poke Bowl Lid 50pc PK,PK,CS12,12,3.57000,42.84000,67.44000,809.28000,Discontinued,Inactive
5145,AFC-16 Clear Body,PK,PK,1,2.91000,2.91000,5.05000,5.05000,Sales Inventory,Active
5145,AFC-16 Clear Body,PK,CS24,24,2.91000,69.84000,119.06000,2857.44000,Sales Inventory,Active
5150,AFC-16 Lid  Pack,PK,CS24,24,2.37000,56.88000,95.30000,2287.20000,Sales Inventory,Active
5150,AFC-16 Lid  Pack,PK,PK,1,2.37000,2.37000,4.04000,4.04000,Sales Inventory,Active
5155,AFC-4 Blue Body Pack,PK,PK,1,2.72000,2.72000,4.76000,4.76000,Sales Inventory,Active
5155,AFC-4 Blue Body Pack,PK,CS24,24,2.72000,65.28000,112.20000,2692.80000,Sales Inventory,Active
5155A,R1.0 (AFC-4) Blue Set CS 8/50pc/CS,CS,CS,1,39.28000,39.28000,74.73000,74.73000,Sales Inventory,Active
5155B,R1.0 (AFC-4) Blue Set PK,PK,PK,1,4.91000,4.91000,9.34000,9.34000,Sales Inventory,Active
5156,AFC-4 Clear Body,PK,PK,1,3.00000,3.00000,4.25000,4.25000,Discontinued,Inactive
5156,AFC-4 Clear Body,PK,CS24,24,3.00000,72.00000,102.00000,2448.00000,Discontinued,Inactive
5160,AFC-4 Lid  Pack,PK,PK,1,2.36000,2.36000,3.75000,3.75000,Sales Inventory,Active
5160,AFC-4 Lid  Pack,PK,CS24,24,2.36000,56.64000,88.44000,2122.56000,Sales Inventory,Active
5165,AFC-5 Blue Body Pack,PK,PK,1,3.10000,3.10000,5.01000,5.01000,Sales Inventory,Active
5165,AFC-5 Blue Body Pack,PK,CS24,24,3.10000,74.40000,118.01000,2832.24000,Sales Inventory,Active
5166,AFC-5 Clear Body,PK,PK,1,3.50000,3.50000,4.47000,4.47000,Discontinued,Inactive
5166,AFC-5 Clear Body,PK,CS24,24,3.50000,84.00000,107.28000,2574.72000,Discontinued,Inactive
5170,AFC-5 Lid Pack,PK,PK,1,2.84000,2.84000,4.50000,4.50000,Sales Inventory,Active
5170,AFC-5 Lid Pack,PK,CS24,24,2.84000,68.16000,106.13000,2547.12000,Sales Inventory,Active
5175,AFC-20 Blue Body Pack,PK,PK,1,3.20000,3.20000,5.51000,5.51000,Sales Inventory,Active
5175,AFC-20 Blue Body Pack,PK,CS16,16,3.20000,51.20000,86.59000,1385.44000,Sales Inventory,Active
5175A,SK-20 Blue Set CS 6/50pc/set cs,CS,CS,1,34.98000,34.98000,60.20000,60.20000,Sales Inventory,Active
5175B,SK-20 (AFC-20) Set PK,PK,PK,1,5.83000,5.83000,10.04000,10.04000,Sales Inventory,Active
5175S,AFC-20 Sakura Body 16/50pc,PK,PK,1,8.23000,8.23000,9.47000,9.47000,Sales Inventory,Active
5175S,AFC-20 Sakura Body 16/50pc,PK,CS16,16,8.23000,131.68000,151.52000,2424.32000,Sales Inventory,Active
5176,AFC-20 Clear Body,PK,PK,1,3.14000,3.14000,5.51000,5.51000,Sales Inventory,Active
5176,AFC-20 Clear Body,PK,CS16,16,3.14000,50.24000,86.59000,1385.44000,Sales Inventory,Active
5180,AFC-20 Lid  Pack,PK,PK,1,2.84000,2.84000,4.70000,4.70000,Sales Inventory,Active
5180,AFC-20 Lid  Pack,PK,CS16,16,2.84000,45.44000,73.92000,1182.72000,Sales Inventory,Active
5181,AFC-20 Compostable Body,PK,CS16,16,3.77000,60.32000,90.00000,1440.00000,Sales Inventory,Active
5181,AFC-20 Compostable Body,PK,PK,1,3.77000,3.77000,5.63000,5.63000,Sales Inventory,Active
5182,AFC-20 Compostable Lid,PK,PK,1,6.07000,6.07000,8.81000,8.81000,Sales Inventory,Active
5182,AFC-20 Compostable Lid,PK,CS16,16,6.07000,97.12000,141.00000,2256.00000,Sales Inventory,Active
5185,AFC-30 Blue Body Pack,PK,PK,1,3.97000,3.97000,7.02000,7.02000,Sales Inventory,Active
5185,AFC-30 Blue Body Pack,PK,CS16,16,3.97000,63.52000,110.35000,1765.60000,Sales Inventory,Active
5185A,SK-30 Blue Set Cs 6/50pc/set cs,CS,CS,1,41.34000,41.34000,72.40000,72.40000,Sales Inventory,Active
5185B,SK-30 (AFC-30) Set PK,PK,PK,1,6.89000,6.89000,12.07000,12.07000,Sales Inventory,Active
5185S,AFC-30 Sakura Body 16/50pc/cs,PK,PK,1,8.90000,8.90000,10.24000,10.24000,Sales Inventory,Active
5185S,AFC-30 Sakura Body 16/50pc/cs,PK,CS16,16,8.90000,142.40000,163.84000,2621.44000,Sales Inventory,Active
5186,AFC-30 Clear Body,PK,PK,1,3.88000,3.88000,7.02000,7.02000,Sales Inventory,Active
5186,AFC-30 Clear Body,PK,CS16,16,3.88000,62.08000,110.35000,1765.60000,Sales Inventory,Active
5190,AFC-30 Lid Pack,PK,PK,1,3.16000,3.16000,5.26000,5.26000,Sales Inventory,Active
5190,AFC-30 Lid Pack,PK,CS16,16,3.16000,50.56000,82.72000,1323.52000,Sales Inventory,Active
5191,AFC-30 Compostable Body,PK,PK,1,4.92000,4.92000,7.19000,7.19000,Sales Inventory,Active
5191,AFC-30 Compostable Body,PK,CS16,16,4.92000,78.72000,115.00000,1840.00000,Sales Inventory,Active
5192,AFC-30 Compostable Lid,PK,PK,1,7.75000,7.75000,11.25000,11.25000,Sales Inventory,Active
5192,AFC-30 Compostable Lid,PK,CS16,16,7.75000,124.00000,180.00000,2880.00000,Sales Inventory,Active
5195,AFC-40 Blue Body Pack,PK,PK,1,4.79000,4.79000,8.65000,8.65000,Sales Inventory,Active
5195,AFC-40 Blue Body Pack,PK,CS16,16,4.79000,76.64000,135.87000,2173.92000,Sales Inventory,Active
5195A,SK-40 Blue Set CS 6/50pc/set/CS,CS,CS,1,49.14000,49.14000,87.00000,87.00000,Sales Inventory,Active
5195B,SK-40 (AFC-40) Set PK,PK,PK,1,8.19000,8.19000,14.50000,14.50000,Sales Inventory,Active
5195S,AFC-40 Sakura Body 16/50pc/cs,PK,PK,1,9.66000,9.66000,11.11000,11.11000,Sales Inventory,Active
5195S,AFC-40 Sakura Body 16/50pc/cs,PK,CS16,16,9.66000,154.56000,177.76000,2844.16000,Sales Inventory,Active
5196,AFC-40 Clear Body,PK,PK,1,4.66000,4.66000,8.65000,8.65000,Sales Inventory,Active
5196,AFC-40 Clear Body,PK,CS16,16,4.66000,74.56000,135.87000,2173.92000,Sales Inventory,Active
5199,AFC-40 Lid Pack,PK,PK,1,3.68000,3.68000,6.12000,6.12000,Sales Inventory,Active
5199,AFC-40 Lid Pack,PK,CS16,16,3.68000,58.88000,96.10000,1537.60000,Sales Inventory,Active
5200,ST-201 Manyo Body,PK,PK,1,9.19000,9.19000,4.92000,4.92000,Sales Inventory,Active
5200,ST-201 Manyo Body,PK,CS16,16,9.19000,147.04000,78.72000,1259.52000,Sales Inventory,Active
5201,AFC-40 Compostable Body,PK,PK,1,6.78000,6.78000,9.81000,9.81000,Sales Inventory,Active
5201,AFC-40 Compostable Body,PK,CS16,16,6.78000,108.48000,157.00000,2512.00000,Sales Inventory,Active
5202,AFC-40 Compostable Lid,PK,PK,1,8.98000,8.98000,13.13000,13.13000,Sales Inventory,Active
5202,AFC-40 Compostable Lid,PK,CS16,16,8.98000,143.68000,210.00000,3360.00000,Sales Inventory,Active
5203,CV-11B Body (BF-18),PK,PK,1,3.60000,3.60000,3.89000,3.89000,Sales Inventory,Active
5203,CV-11B Body (BF-18),PK,CS24,24,3.60000,86.40000,93.36000,2240.64000,Sales Inventory,Active
5204,CV-11F Lid  (BF-18),PK,CS24,24,2.25000,54.00000,80.64000,1935.36000,Sales Inventory,Active
5204,CV-11F Lid  (BF-18),PK,PK,1,2.25000,2.25000,3.36000,3.36000,Sales Inventory,Active
5205,ST-201 Blue Body,PK,CS16,16,3.44000,55.04000,86.59000,1385.44000,Sales Inventory,Active
5205,ST-201 Blue Body,PK,PK,1,3.44000,3.44000,5.51000,5.51000,Sales Inventory,Active
5210,ST-201 Lid Pk,PK,PK,1,2.82000,2.82000,4.70000,4.70000,Sales Inventory,Active
5210,ST-201 Lid Pk,PK,CS16,16,2.82000,45.12000,73.92000,1182.72000,Sales Inventory,Active
5215,ST-202 Blue Body Pack,PK,PK,1,4.39000,4.39000,7.02000,7.02000,Sales Inventory,Active
5215,ST-202 Blue Body Pack,PK,CS16,16,4.39000,70.24000,110.35000,1765.60000,Sales Inventory,Active
5220,ST-202 Lid  PACK,PK,PK,1,3.28000,3.28000,5.26000,5.26000,Sales Inventory,Active
5220,ST-202 Lid  PACK,PK,CS16,16,3.28000,52.48000,82.72000,1323.52000,Sales Inventory,Active
5225,ST-218 MANYO BODY,PK,PK,1,9.34000,9.34000,7.06000,7.06000,Sales Inventory,Active
5225,ST-218 MANYO BODY,PK,CS16,16,9.34000,149.44000,166.32000,2661.12000,Sales Inventory,Active
5230,ST-218 Blue Body Pk,PK,PK,1,5.37000,5.37000,8.64000,8.64000,Sales Inventory,Active
5230,ST-218 Blue Body Pk,PK,CS16,16,5.37000,85.92000,135.70000,2171.20000,Sales Inventory,Active
5235,ST-218 LID  PACK,PK,PK,1,3.80000,3.80000,6.12000,6.12000,Sales Inventory,Active
5235,ST-218 LID  PACK,PK,CS16,16,3.80000,60.80000,96.10000,1537.60000,Sales Inventory,Active
5240,ST-202 Manyo Body,PK,PK,1,7.46000,7.46000,10.05000,10.05000,Sales Inventory,Active
5240,ST-202 Manyo Body,PK,CS16,16,7.46000,119.36000,157.87000,2525.92000,Sales Inventory,Active
5245,ST-4 Blue BD 50,PK,PK,1,3.06000,3.06000,4.76000,4.76000,Sales Inventory,Active
5245,ST-4 Blue BD 50,PK,CS24,24,3.06000,73.44000,112.20000,2692.80000,Sales Inventory,Active
5251,ST-4 Lid Pack  50,PK,PK,1,2.40000,2.40000,3.75000,3.75000,Sales Inventory,Active
5251,ST-4 Lid Pack  50,PK,CS24,24,2.40000,57.60000,88.44000,2122.56000,Sales Inventory,Active
5255,ST-4 Manyo Body,PK,PK,1,4.34000,4.34000,5.82000,5.82000,Sales Inventory,Active
5255,ST-4 Manyo Body,PK,CS24,24,4.34000,104.16000,137.28000,3294.72000,Sales Inventory,Active
5265,ST-5 Blue BD 50,PK,CS24,24,3.25000,78.00000,118.01000,2832.24000,Sales Inventory,Active
5265,ST-5 Blue BD 50,PK,PK,1,3.25000,3.25000,5.01000,5.01000,Sales Inventory,Active
5270,ST-5 Lid Pack 50,PK,PK,1,2.89000,2.89000,4.50000,4.50000,Sales Inventory,Active
5270,ST-5 Lid Pack 50,PK,CS24,24,2.89000,69.36000,106.13000,2547.12000,Sales Inventory,Active
5276,ST-5 Manyo Body,PK,CS24,24,10.55000,253.20000,185.68000,4456.32000,Sales Inventory,Active
5276,ST-5 Manyo Body,PK,PK,1,10.55000,10.55000,11.82000,11.82000,Sales Inventory,Active
5277,MH-30.(ZX-30) Sushi Tray 50pc/Set,SET,SET,1,9.50000,9.50000,10.42000,10.42000,Sales Inventory,Active
5278,MH-40 (DO-3) Sushi Tray 50pc/Set,SET,SET,1,11.25000,11.25000,13.77000,13.77000,Sales Inventory,Active
5279,MH-35 Sushi Tray 50pc/set,SET,SET,1,9.00000,9.00000,13.77000,13.77000,Sales Inventory,Active
5280,MH-10 (B-011).(AFC-4) 50pc/pk,SET,SET,1,6.25000,6.25000,7.52000,7.52000,Sales Inventory,Active
5281,MH-15  (AFC-5)  100pc/pk,SET,SET,1,10.50000,10.50000,8.88000,8.88000,Sales Inventory,Active
5282,SU-CS-75 100pc/set (AFC4),SET,SET,1,6.32000,6.32000,15.28000,15.28000,Sales Inventory,Active
5283,JFC -18 Tray (OP-510)  50pc/set,SET,SET,1,5.67000,5.67000,9.77000,9.77000,Sales Inventory,Active
5284,MH-06 (20)  Tray Set,SET,SET,1,5.65000,5.65000,9.53000,9.53000,Sales Inventory,Active
5285,Produce Bag,EACH,EACH,1,10.00000,10.00000,24.00000,24.00000,Sales Inventory,Active
5286,MH-50  (40) Clear Tray Set,SET,SET,1,15.25000,15.25000,16.78000,16.78000,Sales Inventory,Active
5287,TTM 24oz Bottom 100pc/pk(AFC4),PK,PK,1,11.89000,11.89000,15.57000,15.57000,Sales Inventory,Active
5287,TTM 24oz Bottom 100pc/pk(AFC4),PK,CS4,4,11.89000,47.56000,59.57000,238.28000,Sales Inventory,Active
5288,TTM 24 oz Lid 100pc/pk (AFC4),PK,PK,1,9.54000,9.54000,12.14000,12.14000,Sales Inventory,Active
5288,TTM 24 oz Lid 100pc/pk (AFC4),PK,CS4,4,9.54000,38.16000,44.17000,176.68000,Sales Inventory,Active
5289,53205 Body 100pc/pk (AFC 30),PK,PK,1,9.00000,9.00000,10.89000,10.89000,Sales Inventory,Active
5290,53205L-1 Lid 100pc/pk (AFC30),PK,PK,1,9.75000,9.75000,11.80000,11.80000,Sales Inventory,Active
5300,32oz Bowl 300pc. Sabert,CS,CS,1,45.90000,45.90000,49.85000,49.85000,Sales Inventory,Active
5301,32oz Bowl Lid 300pc. Sabert,CS,CS,1,47.26000,47.26000,51.33000,51.33000,Sales Inventory,Active
5302,32oz Bowl 150pc.Anchor 150pc,CS,CS,1,34.83000,34.83000,33.07000,33.07000,Sales Inventory,Active
5303,32oz Bowl Lid. 150pc. Anchor 150pc,CS,CS,1,26.95000,26.95000,29.27000,29.27000,Sales Inventory,Active
5305,BO-SC-U24 Bowl 24oz 500pc WC,CS,CS,1,79.45000,79.45000,86.29000,86.29000,Sales Inventory,Active
5306,BOL-CS-24 Bowl Lid 24oz 300pc WC,CS,CS,1,46.70000,46.70000,50.72000,50.72000,Sales Inventory,Active
5307,BG-ST-4 Compostable Body 800pc,CS,CS,1,77.20000,77.20000,83.84000,83.84000,Sales Inventory,Active
5308,BG-ST-4 Compostable Lid 800pc,CS,CS,1,92.65000,92.65000,100.63000,100.63000,Sales Inventory,Active
5309,32oz Bowl Body Stalk L014 500pc,CS,CS,1,71.90000,71.90000,78.08000,78.08000,Sales Inventory,Active
5310,32oz Lid Table ware DL32 200pc,CS,CS,1,40.56000,40.56000,44.05000,44.05000,Sales Inventory,Active
5311,24oz Bowl BG-BO24R1 500pc,CS,CS,1,69.18000,69.18000,75.13000,75.13000,Sales Inventory,Active
5312,24oz Lid BG-Bo24 PL 500pc,CS,CS,1,64.20000,64.20000,69.72000,69.72000,Sales Inventory,Active
5313,White Diamond Ramen Bowl,CS,CS,1,55.38000,55.38000,59.66000,59.66000,Sales Inventory,Active
5314,EP-SH2 5X7 BLK SUSHI TRAY 600PC,CS,CS,1,96.75000,96.75000,105.50000,105.50000,Sales Inventory,Active
5315,EP-SH3 6X9 BLK SUSHI TRAY 600PC,CS,CS,1,137.62000,137.62000,139.30000,139.30000,Sales Inventory,Active
5316,Anchor M612 Base,CS,CS,1,65.50000,65.50000,72.05000,72.05000,Sales Inventory,Active
5317,Anchor LH600 Lid,CS,CS,1,60.90000,60.90000,66.99000,66.99000,Sales Inventory,Active
5318,Anchor M424-B Base,CS,CS,1,36.85000,36.85000,40.54000,40.54000,Sales Inventory,Active
5319,Anchor LH4LD-NB Lid,CS,CS,1,31.75000,31.75000,34.93000,34.93000,Sales Inventory,Active
5320,Don-S Bowl 50pcs/16pks,CS,CS,1,214.00000,214.00000,235.40000,235.40000,Sales Inventory,Active
5321,Don-S Lid 50pcs/16pks,CS,CS,1,144.00000,144.00000,158.40000,158.40000,Sales Inventory,Active
5322,Sabert D300 Base 100pc/pk (AFC 5),PK,PK,1,15.04000,15.04000,16.54000,16.54000,Sales Inventory,Active
5323,Sabert D300 Lid 50pc/pk (AFC 5),PK,PK,1,7.52000,7.52000,8.27000,8.27000,Sales Inventory,Active
5324,Sabert B300N Base HT 300pc/cs,CS,CS,1,56.25000,56.25000,61.88000,61.88000,Sales Inventory,Active
5325,Sabert B300N Lid HT300pc/cs,CS,CS,1,60.50000,60.50000,66.55000,66.55000,Sales Inventory,Active
5334,SOUP WARMER,EACH,EACH,1,130.00000,130.00000,140.00000,140.00000,Discontinued,Active
54,Pesca Rich Tuna 22#,CS,CS,1,356.40000,356.40000,374.20000,374.20000,Discontinued,Inactive
5410,BF-18 Salad Cont Body50pc/24/CS,PK,PK,1,4.35000,4.35000,5.50000,5.50000,Sales Inventory,Active
5410,BF-18 Salad Cont Body50pc/24/CS,PK,CS24,24,4.35000,104.40000,132.00000,3168.00000,Sales Inventory,Active
5411,BF-18 Salad Tray Lid 50pc/24/cs,PK,PK,1,3.78000,3.78000,4.79000,4.79000,Sales Inventory,Active
5411,BF-18 Salad Tray Lid 50pc/24/cs,PK,CS24,24,3.78000,90.72000,114.96000,2759.04000,Sales Inventory,Active
5412,AFC-18 White Body,PK,PK,1,3.83000,3.83000,5.60000,5.60000,Sales Inventory,Active
5412,AFC-18 White Body,PK,CS24,24,3.83000,91.92000,132.00000,3168.00000,Sales Inventory,Active
5416,AFC-18 Lid  50 pcs,PK,PK,1,3.91000,3.91000,4.87000,4.87000,Sales Inventory,Active
5416,AFC-18 Lid  50 pcs,PK,CS24,24,3.91000,93.84000,114.84000,2756.16000,Sales Inventory,Active
5475,KL Hana-310,PK,PK,1,2.07000,2.07000,4.95000,4.95000,Sales Inventory,Active
5480,KL Hana-325,PK,PK,1,6.17000,6.17000,7.40000,7.40000,Discontinued,Inactive
5481,B&H 16 Bowl Body Pack,PK,PK,1,5.61000,5.61000,7.22000,7.22000,Sales Inventory,Active
5482,B&H 16 Bowl Lid Pack,PK,PK,1,3.25000,3.25000,4.19000,4.19000,Sales Inventory,Active
5483,B&H 16 Bowl Middle,PK,PK,1,2.01000,2.01000,2.59000,2.59000,Sales Inventory,Active
55,PR TUNA10# 02/06/19,CS,CS,1,150.00000,150.00000,159.50000,159.50000,Sales Inventory,Active
56,ULT Tuna 12/16/20 . Manuf.Nov.. 2020,CS,CS,1,84.54000,84.54000,98.70000,98.70000,Sales Inventory,Active
56,ULT Tuna 12/16/20 . Manuf.Nov.. 2020,CS,CS,1,84.54000,84.54000,93.20000,93.20000,Sales Inventory,Active
5601,AFC-235 Party Tray Body 50pc,PK,PK,1,15.00000,15.00000,19.80000,19.80000,Sales Inventory,Active
5601,AFC-235 Party Tray Body 50pc,PK,CS6,6,15.00000,90.00000,118.80000,712.80000,Sales Inventory,Active
5602,AFC-235 Party Tray  Lid  50pc,PK,CS6,6,12.15000,72.90000,99.36000,596.16000,Sales Inventory,Active
5602,AFC-235 Party Tray  Lid  50pc,PK,PK,1,12.15000,12.15000,16.56000,16.56000,Sales Inventory,Active
5603,AFC-40L  MW Inner 50pc x 20pk,PK,PK,1,6.29000,6.29000,9.08000,9.08000,Sales Inventory,Active
5603,AFC-40L  MW Inner 50pc x 20pk,PK,CS20,20,6.29000,125.80000,178.42000,3568.40000,Sales Inventory,Active
5604,AFC-40S MW INNER 50pc x 48,PK,PK,1,5.67000,5.67000,7.30000,7.30000,Sales Inventory,Active
5604,AFC-40S MW INNER 50pc x 48,PK,CS48,48,5.67000,272.16000,344.26000,16524.48000,Sales Inventory,Active
5605,AFC-235 Party Tray Body 50pc/PK,PK,CS6,6,17.95000,107.70000,130.68000,784.08000,Sales Inventory,Active
5605,AFC-235 Party Tray Body 50pc/PK,PK,PK,1,17.95000,17.95000,22.18000,22.18000,Sales Inventory,Active
5610,AFC-235 Party Ty Lid 50pc/PK,PK,PK,1,14.54000,14.54000,18.55000,18.55000,Sales Inventory,Active
5610,AFC-235 Party Ty Lid 50pc/PK,PK,CS6,6,14.54000,87.24000,109.30000,655.80000,Sales Inventory,Active
5611,AFC-235 Party Tray Body 16/50pc,PK,PK,1,15.00000,15.00000,0.00000,0.00000,Sales Inventory,Inactive
5615,SF-275(SF-3) Asaoke body,PK,PK,1,2.88000,2.88000,3.40000,3.40000,Sales Inventory,Active
5615,SF-275(SF-3) Asaoke body,PK,CS32,32,2.88000,92.16000,108.80000,3481.60000,Sales Inventory,Active
5616,AFC-275 Party Tray Body 6/50pc,PK,PK,1,13.90000,13.90000,22.40000,22.40000,Sales Inventory,Active
5616,AFC-275 Party Tray Body 6/50pc,PK,CS6,6,13.90000,83.40000,132.00000,792.00000,Sales Inventory,Active
5617,AFC-275 Party Tray Lid 6/50pc,PK,PK,1,10.70000,10.70000,19.04000,19.04000,Sales Inventory,Active
5617,AFC-275 Party Tray Lid 6/50pc,PK,CS6,6,10.70000,64.20000,112.20000,673.20000,Sales Inventory,Active
5620,SF-275 (SF-3) Shachi Lid,PK,PK,1,2.21000,2.21000,2.82000,2.82000,Sales Inventory,Active
5620,SF-275 (SF-3) Shachi Lid,PK,CS32,32,2.21000,70.72000,88.70000,2838.40000,Sales Inventory,Active
5625,SF-355 Body (SF-5),PK,PK,1,4.48000,4.48000,6.17000,6.17000,Sales Inventory,Active
5625,SF-355 Body (SF-5),PK,CS16,16,4.48000,71.68000,96.98000,1551.68000,Sales Inventory,Active
5630,SF-355 Lid  Pack SF-5,PK,PK,1,3.42000,3.42000,4.61000,4.61000,Sales Inventory,Active
5630,SF-355 Lid  Pack SF-5,PK,CS16,16,3.42000,54.72000,72.51000,1160.16000,Sales Inventory,Active
5635,SF-7 Oke Body,PK,PK,1,9.54000,9.54000,11.87000,11.87000,Sales Inventory,Active
5635,SF-7 Oke Body,PK,CS6,6,9.54000,57.24000,69.96000,419.76000,Sales Inventory,Active
5640,SF-7 Lid  Pack 10pc,PK,PK,1,6.19000,6.19000,7.71000,7.71000,Sales Inventory,Active
5640,SF-7 Lid  Pack 10pc,PK,CS6,6,6.19000,37.14000,45.41000,272.46000,Sales Inventory,Active
5645,SF-55 White Bowl Body 50pc,PK,PK,1,4.98000,4.98000,7.44000,7.44000,Sales Inventory,Active
5645,SF-55 White Bowl Body 50pc,PK,CS12,12,4.98000,59.76000,87.65000,1051.80000,Sales Inventory,Active
5646,SF-55 Bowl Lid 50pc,PK,PK,1,3.06000,3.06000,4.20000,4.20000,Sales Inventory,Active
5646,SF-55 Bowl Lid 50pc,PK,CS12,12,3.06000,36.72000,49.50000,594.00000,Sales Inventory,Active
5647,SF-55 Inner 200pc/12pk,PK,CS12,12,9.71000,116.52000,160.38000,1924.56000,Sales Inventory,Active
5647,SF-55 Inner 200pc/12pk,PK,PK,1,9.71000,9.71000,13.61000,13.61000,Sales Inventory,Active
5648,TO-NB24 150sets/cs (SF55),CS,CS,1,46.65000,46.65000,40.65000,40.65000,Sales Inventory,Active
5651,DB-103 Bowl Body 50 pcs,PK,PK,1,7.42000,7.42000,11.67000,11.67000,Sales Inventory,Inactive
5651,DB-103 Bowl Body 50 pcs,PK,CS16,16,7.42000,118.72000,186.72000,2987.52000,Sales Inventory,Inactive
5652,DB-103 Bowl Lid  50 pcs,PK,PK,1,7.42000,7.42000,5.05000,5.05000,Sales Inventory,Inactive
5652,DB-103 Bowl Lid  50 pcs,PK,CS16,16,7.42000,118.72000,80.80000,1292.80000,Sales Inventory,Inactive
5653,Donburi Bowl Set DB-103,SET,SET,1,10.38000,10.38000,8.04000,8.04000,Sales Inventory,Active
5653,Donburi Bowl Set DB-103,SET,CS6,6,10.38000,62.28000,48.24000,289.44000,Sales Inventory,Active
5660,Sushi Cake Tray 100pc/cs,CS,CS,1,143.97000,143.97000,150.00000,150.00000,Sales Inventory,Inactive
5661,Football Tray  Each 50 pc,EACH,EACH,1,0.60000,0.60000,1.39000,1.39000,Sales Inventory,Active
5661,Football Tray  Each 50 pc,EACH,CS50,50,0.60000,30.00000,69.53000,3476.50000,Sales Inventory,Active
5670,AFC-355 Sakura Body Pty Tray 8/10pc/cs,PK,PK,1,28.28000,28.28000,32.53000,32.53000,Sales Inventory,Active
5670,AFC-355 Sakura Body Pty Tray 8/10pc/cs,PK,CS8,8,28.28000,226.24000,260.24000,2081.92000,Sales Inventory,Active
5671,AFC-355 Sakura Lid  8/10pc/cs,PK,PK,1,9.70000,9.70000,11.16000,11.16000,Sales Inventory,Active
5671,AFC-355 Sakura Lid  8/10pc/cs,PK,CS8,8,9.70000,77.60000,89.28000,714.24000,Sales Inventory,Active
5680,AFC-7 Sakura Body 6/10pc/cs,PK,CS6,6,32.02000,192.12000,220.80000,1324.80000,Sales Inventory,Active
5680,AFC-7 Sakura Body 6/10pc/cs,PK,PK,1,32.02000,32.02000,36.82000,36.82000,Sales Inventory,Active
5681,AFC-7 Sakura Lid 6/10pc/cs,PK,PK,1,11.41000,11.41000,13.12000,13.12000,Sales Inventory,Active
5681,AFC-7 Sakura Lid 6/10pc/cs,PK,CS6,6,11.41000,68.46000,78.72000,472.32000,Sales Inventory,Active
57,ULT 5# 12/16/20. Manu. Nov.. 2020,CS,CS,1,84.54000,84.54000,93.20000,93.20000,Sales Inventory,Active
57,ULT 5# 12/16/20. Manu. Nov.. 2020,CS,CS,1,84.54000,84.54000,87.70000,87.70000,Sales Inventory,Active
5752,White Micro Bowls 36 oz,CS,CS,1,43.12000,43.12000,48.14000,48.14000,Sales Inventory,Active
5805,PLA ST-4 Cont. Set 400pc,CASE,CASE,1,124.80000,124.80000,104.29000,104.29000,Sales Inventory,Active
5810,ECO 1.5 Compostable Lid,CS,CS,1,34.00000,34.00000,39.69000,39.69000,Sales Inventory,Active
5811,ECO 1.5 Compostable Tray,CS,CS,1,38.00000,38.00000,44.36000,44.36000,Sales Inventory,Active
5812,EG 2.0 Compostable Lid,CS,CS,1,74.69000,74.69000,82.16000,82.16000,Sales Inventory,Active
5813,EG 2.0 Compostable Base,CS,CS,1,89.00000,89.00000,97.90000,97.90000,Sales Inventory,Active
5815,Solia 5 oz Clear Cup 100 pc,CS,CS,1,41.80000,41.80000,50.75000,50.75000,Sales Inventory,Inactive
5816,BF-8 Curry White Body 50pc,PACK,PACK,1,7.16000,7.16000,8.15000,8.15000,Sales Inventory,Active
5816,BF-8 Curry White Body 50pc,PACK,CS8,8,7.16000,57.28000,65.20000,521.60000,Sales Inventory,Active
5817,BF-8 Curry Lid  50pc,PACK,PACK,1,5.51000,5.51000,6.27000,6.27000,Sales Inventory,Active
5817,BF-8 Curry Lid  50pc,PACK,CS8,8,5.51000,44.08000,50.16000,401.28000,Sales Inventory,Active
5818,Compostable Bowl BO-SC-U24 500pc,CASE,CASE,1,79.45000,79.45000,88.71000,88.71000,Sales Inventory,Active
5819,Compostable Lid BOL-CS-24 300pc,CASE,CASE,1,46.70000,46.70000,52.14000,52.14000,Sales Inventory,Active
5820,COR-R20 Body Pk 8/50pc,PK,PK,1,4.03000,4.03000,5.19000,5.19000,Sales Inventory,Active
5820,COR-R20 Body Pk 8/50pc,PK,CS8,8,4.03000,32.24000,40.74000,325.92000,Sales Inventory,Active
5822,COR-R20 Lid 8/50pc,PK,PK,1,3.58000,3.58000,4.12000,4.12000,Sales Inventory,Active
5822,COR-R20 Lid 8/50pc,PK,CS8,8,3.58000,28.64000,32.96000,263.68000,Sales Inventory,Active
5823,COP-R15 Body PK 50pc,PK,PK,1,3.54000,3.54000,4.39000,4.39000,Sales Inventory,Active
5823,COP-R15 Body PK 50pc,PK,CS12,12,3.54000,42.48000,51.74000,620.88000,Sales Inventory,Active
5824,COP-R15 Lid PK 50pc,PK,CS12,12,3.22000,38.64000,47.26000,567.12000,Sales Inventory,Active
5824,COP-R15 Lid PK 50pc,PK,PK,1,3.22000,3.22000,4.01000,4.01000,Sales Inventory,Active
5827,COP-18 Poke Bowl  Body Pk,PK,PK,1,5.46000,5.46000,8.06000,8.06000,Sales Inventory,Active
5827,COP-18 Poke Bowl  Body Pk,PK,CS12,12,5.46000,65.52000,95.04000,1140.48000,Sales Inventory,Active
5829,COP-18 Poke Bowl  Lid  Pk,PK,PK,1,4.60000,4.60000,6.29000,6.29000,Sales Inventory,Active
5829,COP-18 Poke Bowl  Lid  Pk,PK,CS12,12,4.60000,55.20000,74.18000,890.16000,Sales Inventory,Active
5830,2 oz Cup  100pc/pk,PK,PK,1,1.16000,1.16000,1.30000,1.30000,Sales Inventory,Active
5830,2 oz Cup  100pc/pk,PK,CS25,25,1.16000,29.00000,32.94000,823.50000,Sales Inventory,Active
5835,2 oz Lid  100pc/pk,PK,PK,1,1.16000,1.16000,1.30000,1.30000,Sales Inventory,Active
5835,2 oz Lid  100pc/pk,PK,CS25,25,1.16000,29.00000,32.94000,823.50000,Sales Inventory,Active
5836,2 oz Microwaveable Cup and Lid,CS,CS,1,71.34000,71.34000,78.50000,78.50000,Sales Inventory,Active
5840,Cup 90MB 4 oz  50pc,PK,PK,1,2.73000,2.73000,3.40000,3.40000,Sales Inventory,Active
5840,Cup 90MB 4 oz  50pc,PK,CS80,80,2.73000,218.40000,267.52000,21401.60000,Sales Inventory,Active
5845,Cup 90TC 4 oz Lid  50 pc,PK,CS80,80,2.43000,194.40000,237.60000,19008.00000,Sales Inventory,Active
5845,Cup 90TC 4 oz Lid  50 pc,PK,PK,1,2.43000,2.43000,3.02000,3.02000,Sales Inventory,Active
5860,Demo Cup  20PK/CS,PK,CS20,20,2.85000,57.00000,121.80000,2436.00000,Sales Inventory,Active
5860,Demo Cup  20PK/CS,PK,PK,1,2.85000,2.85000,6.09000,6.09000,Sales Inventory,Active
5889,Sample Tray Dome,EACH,EACH,1,149.80000,149.80000,156.26000,156.26000,Sales Inventory,Active
5999,Sampling Dome Kit,EACH,EACH,1,341.96000,341.96000,367.70000,367.70000,Sales Inventory,Active
6105,HK Baran. Pink,EACH,EACH,1,2.58000,2.58000,2.25000,2.25000,Discontinued,Inactive
6110,Baran Box 1000 pcs,PK,PK,1,0.88000,0.88000,1.07000,1.07000,Sales Inventory,Active
6110,Baran Box 1000 pcs,PK,CS60,60,0.88000,52.80000,63.95000,3837.00000,Sales Inventory,Active
6120,Chopstick 100PR,PK,PK,1,1.04000,1.04000,1.87000,1.87000,Sales Inventory,Active
6120,Chopstick 100PR,PK,CS32,32,1.04000,33.28000,58.78000,1880.96000,Sales Inventory,Active
6121,Wild Blue Chopstick 40pks,PK,PK,1,1.10000,1.10000,1.78000,1.78000,Sales Inventory,Active
6121,Wild Blue Chopstick 40pks,PK,CS40,40,1.10000,44.00000,70.95000,2838.00000,Sales Inventory,Active
6130,Chopkstick Special 100,PK,PK,1,1.00000,1.00000,1.29000,1.29000,Sales Inventory,Active
6130,Chopkstick Special 100,PK,CS40,40,1.00000,40.00000,51.56000,2062.40000,Sales Inventory,Active
6133,Plastic Chopstick(Hello Kitty) 2 P. 1 R. 1 G. 1 B,SET,SET,1,60.00000,60.00000,65.00000,65.00000,Discontinued,Inactive
6140,Edamame  Sleeve White 100pc,PK,PK,1,17.00000,17.00000,27.91000,27.91000,Sales Inventory,Active
6150,Veg. Dumpling Sleeve 100pc,EACH,EACH,1,7.50000,7.50000,11.00000,11.00000,Discontinued,Inactive
6175,Towel,EACH,EACH,1,0.00000,0.00000,0.61000,0.61000,Sales Inventory,Active
6200,Thermo  B.R. Gradient,ROLL,ROLL,1,7.50000,7.50000,8.37000,8.37000,Sales Inventory,Active
6201,White Mini Sticker,ROLL,ROLL,1,12.50000,12.50000,15.23000,15.23000,Sales Inventory,Active
6208,Thermo Vertical Blue #3,ROLL,CS16,16,5.75000,92.00000,142.10000,2273.60000,Sales Inventory,Active
6208,Thermo Vertical Blue #3,ROLL,CS24,24,5.75000,138.00000,213.15000,5115.60000,Sales Inventory,Active
6208,Thermo Vertical Blue #3,ROLL,ROLL,1,5.75000,5.75000,8.88000,8.88000,Sales Inventory,Active
6210,Thermo Vertical Brown Rice #3,ROLL,CS24,24,5.75000,138.00000,210.00000,5040.00000,Sales Inventory,Active
6210,Thermo Vertical Brown Rice #3,ROLL,CS16,16,5.75000,92.00000,140.00000,2240.00000,Sales Inventory,Active
6210,Thermo Vertical Brown Rice #3,ROLL,ROLL,1,5.75000,5.75000,8.75000,8.75000,Sales Inventory,Active
6220,12024T Freshpak Bowl 300,CS,CS,1,93.12000,93.12000,101.14000,101.14000,Sales Inventory,Active
6221,Freshpak Bowl Lid 52032t 300pc,CS,CS,1,62.62000,62.62000,68.01000,68.01000,Sales Inventory,Active
6222,Vertical Label Wild Blue,ROLL,ROLL,1,7.39000,7.39000,7.94000,7.94000,Sales Inventory,Active
6222,Vertical Label Wild Blue,ROLL,CS16,16,7.39000,118.24000,127.04000,2032.64000,Sales Inventory,Active
6248,Vertical  No Logo,ROLL,ROLL,1,5.80000,5.80000,8.88000,8.88000,Sales Inventory,Active
6255,Lab Vertical Marsh,ROLL,ROLL,1,6.50000,6.50000,8.75000,8.75000,Discontinued,Active
6258,Vert. Robert Fresh Label,ROLL,ROLL,1,6.25000,6.25000,8.88000,8.88000,Sales Inventory,Active
6258,Vert. Robert Fresh Label,ROLL,CS16,16,6.25000,100.00000,142.10000,2273.60000,Sales Inventory,Active
6261,Lab. Vertical Nob Hill,ROLL,CS16,16,7.24000,115.84000,142.10000,2273.60000,Sales Inventory,Active
6261,Lab. Vertical Nob Hill,ROLL,ROLL,1,7.24000,7.24000,8.88000,8.88000,Sales Inventory,Active
6262,Lab. Vertical Raleys,ROLL,ROLL,1,7.24000,7.24000,8.88000,8.88000,Sales Inventory,Active
6262,Lab. Vertical Raleys,ROLL,CS16,16,7.24000,115.84000,142.10000,2273.60000,Sales Inventory,Active
6263,Lab. Vertical Bel Air,ROLL,ROLL,1,7.24000,7.24000,8.88000,8.88000,Sales Inventory,Active
6263,Lab. Vertical Bel Air,ROLL,CS16,16,7.24000,115.84000,142.10000,2273.60000,Sales Inventory,Active
6265,Lab. Vertical Marsh,ROLL,ROLL,1,10.94000,10.94000,8.75000,8.75000,Discontinued,Active
6266,Lab. Vertical Olo,ROLL,ROLL,1,7.24000,7.24000,8.88000,8.88000,Sales Inventory,Active
6266,Lab. Vertical Olo,ROLL,CS16,16,7.24000,115.84000,142.10000,2273.60000,Sales Inventory,Active
6267,Lab Vertical Oishisa,ROLL,ROLL,1,7.24000,7.24000,8.88000,8.88000,Sales Inventory,Active
6268,Lab. Vertical PRC Market 32,ROLL,ROLL,1,6.25000,6.25000,8.88000,8.88000,Sales Inventory,Active
6268,Lab. Vertical PRC Market 32,ROLL,CS16,16,6.25000,100.00000,142.10000,2273.60000,Sales Inventory,Active
6269,Lab. Vertical Draegers,ROLL,CS16,16,7.24000,115.84000,142.08000,2273.28000,Sales Inventory,Active
6269,Lab. Vertical Draegers,ROLL,ROLL,1,7.24000,7.24000,8.88000,8.88000,Sales Inventory,Active
6270,Lab Vertical Rouses,ROLL,CS16,16,7.24000,115.84000,142.10000,2273.60000,Sales Inventory,Active
6270,Lab Vertical Rouses,ROLL,ROLL,1,7.24000,7.24000,8.88000,8.88000,Sales Inventory,Active
6271,Lab. Vert. Metropolitan,ROLL,ROLL,1,7.24000,7.24000,8.88000,8.88000,Sales Inventory,Active
6271,Lab. Vert. Metropolitan,ROLL,CS16,16,7.24000,115.84000,142.10000,2273.60000,Sales Inventory,Active
6273,Lab. Vertical Walgreen (Red Grad),ROLL,CS16,16,7.24000,115.84000,142.10000,2273.60000,Sales Inventory,Active
6273,Lab. Vertical Walgreen (Red Grad),ROLL,ROLL,1,7.24000,7.24000,8.88000,8.88000,Sales Inventory,Active
6275,Vert. Lake View Label,ROLL,CS16,16,6.25000,100.00000,142.10000,2273.60000,Sales Inventory,Active
6275,Vert. Lake View Label,ROLL,ROLL,1,6.25000,6.25000,8.88000,8.88000,Sales Inventory,Active
6285,Thermo Vertical Yamato,ROLL,CS16,16,6.25000,100.00000,142.10000,2273.60000,Sales Inventory,Active
6285,Thermo Vertical Yamato,ROLL,ROLL,1,6.25000,6.25000,8.88000,8.88000,Sales Inventory,Active
6290,Thermo Verti Yamato Brown,ROLL,ROLL,1,6.25000,6.25000,8.88000,8.88000,Sales Inventory,Active
6290,Thermo Verti Yamato Brown,ROLL,CS16,16,6.25000,100.00000,142.10000,2273.60000,Sales Inventory,Active
6291,Thermo Kosher Vert.Purple,ROLL,ROLL,1,7.24000,7.24000,8.88000,8.88000,Sales Inventory,Active
6291,Thermo Kosher Vert.Purple,ROLL,CS16,16,7.24000,115.84000,142.10000,2273.60000,Sales Inventory,Active
6292,Thermal Vertical Stonefish Label,ROLL,ROLL,1,8.00000,8.00000,9.34000,9.34000,Sales Inventory,Active
6292,Thermal Vertical Stonefish Label,ROLL,CS16,16,8.00000,128.00000,149.44000,2391.04000,Sales Inventory,Active
6293,Microwave Instructions AFC 40L Sticker,ROLL,ROLL,1,8.90000,8.90000,9.66000,9.66000,Sales Inventory,Active
6294,PUBLIX $5 WEDNESDAY STICKER,ROLL,ROLL,1,6.96000,6.96000,8.63000,8.63000,Sales Inventory,Active
6295,Sticker 3 Min. Microwave,EACH,EACH,1,4.95000,4.95000,8.63000,8.63000,Sales Inventory,Active
6296,$5 Red Sticker,ROLL,ROLL,1,4.41000,4.41000,6.70000,6.70000,Sales Inventory,Active
6297,$5 Barcode Sticker,EACH,EACH,1,4.41000,4.41000,6.60000,6.60000,Sales Inventory,Active
6298,SEABREEZE SALAD LABEL,PK,PK,1,4.75000,4.75000,10.00000,10.00000,Sales Inventory,Inactive
6299,$5  Red  Sticker,ROLL,ROLL,1,6.00000,6.00000,6.50000,6.50000,Sales Inventory,Active
6300,Convection Oven 1/4Sheet,EACH,EACH,1,545.00000,545.00000,599.50000,599.50000,Sales Inventory,Active
6301,$6 Red Sticker,ROLL,ROLL,1,6.00000,6.00000,6.70000,6.70000,Sales Inventory,Active
6302,$9.99 Purple Sticker,ROLL,ROLL,1,6.00000,6.00000,6.70000,6.70000,Sales Inventory,Active
6303,50 Cent Off W/card,ROLL,ROLL,1,6.00000,6.00000,6.70000,6.70000,Sales Inventory,Active
6304,Warm Up Microwave Sticker,ROLL,ROLL,1,2.66000,2.66000,2.93000,2.93000,Sales Inventory,Active
6350,Bleach,EACH,EACH,1,0.00000,0.00000,1.49000,1.49000,Sales Inventory,Active
6500,Wild Blue Spicy Sauce Ribbon,ROLL,ROLL,1,6.23000,6.23000,6.90000,6.90000,Sales Inventory,Active
6501,Wild Blue Pickled Ginger Ribbon,ROLL,ROLL,1,6.23000,6.23000,6.90000,6.90000,Sales Inventory,Active
6502,Wild Blue Wasabi Ribbon,ROLL,ROLL,1,6.23000,6.23000,6.90000,6.90000,Sales Inventory,Active
6503,Wild Blue Sushi Sauce Ribbon,ROLL,ROLL,1,6.23000,6.23000,6.90000,6.90000,Sales Inventory,Active
6601,BOGO Sticker,ROLL,ROLL,1,8.10000,8.10000,8.98000,8.98000,Sales Inventory,Active
6603,Date Gun Label,ROLL,ROLL,1,2.20000,2.20000,2.64000,2.64000,Sales Inventory,Active
6606,Date Gun Label "Sell-By",ROLL,ROLL,1,2.20000,2.20000,2.64000,2.64000,Sales Inventory,Active
6609,"New" Sticker Yellow,ROLL,ROLL,1,4.41000,4.41000,2.54000,2.54000,Sales Inventory,Active
6612,Clear Chef Special Sticker,ROLL,ROLL,1,5.99000,5.99000,2.64000,2.64000,Sales Inventory,Active
6615,Clear Fully Cooked Sticker,ROLL,ROLL,1,5.99000,5.99000,2.54000,2.54000,Sales Inventory,Active
6618,Clear Ginger Dressing Sticker,ROLL,ROLL,1,6.96000,6.96000,10.00000,10.00000,Sales Inventory,Active
6621,Clear Hot Garlic Sticker,EACH,EACH,1,6.96000,6.96000,15.99000,15.99000,Sales Inventory,Active
6624,Clear Dumpling  Microwave Instruction Sticker 250 pcs,ROLL,ROLL,1,4.75000,4.75000,5.58000,5.58000,Sales Inventory,Active
6627,Clear Spicy Sticker,ROLL,ROLL,1,5.99000,5.99000,10.15000,10.15000,Sales Inventory,Active
6629,Chef Special Sticker Red 250,ROLL,ROLL,1,4.95000,4.95000,8.63000,8.63000,Sales Inventory,Active
6632,Clear Sweet Chili Sauce Sticker,ROLL,ROLL,1,0.00000,0.00000,17.76000,17.76000,Discontinued,Active
6633,Clear Vegatable Only Sticker,ROLL,ROLL,1,5.99000,5.99000,10.15000,10.15000,Sales Inventory,Active
6636,P. Gari Label 250 Ribbon,ROLL,ROLL,1,8.67000,8.67000,8.37000,8.37000,Sales Inventory,Active
6639,P Wasa Label 250 Ribon,ROLL,ROLL,1,7.45000,7.45000,8.37000,8.37000,Sales Inventory,Active
6642,P Spicy Sauce L 250 Ribbon,ROLL,ROLL,1,7.45000,7.45000,8.92000,8.92000,Sales Inventory,Active
6645,P Wasabi Oishisa 250,ROLL,ROLL,1,7.00000,7.00000,8.25000,8.25000,Sales Inventory,Active
6648,P Ginger Oishisa 250,ROLL,ROLL,1,7.00000,7.00000,8.25000,8.25000,Sales Inventory,Active
6649,P. Sushi Sauce  250. Clear,ROLL,ROLL,1,7.45000,7.45000,8.92000,8.92000,Sales Inventory,Active
6651,Label Friedrice,ROLL,ROLL,1,5.15000,5.15000,10.15000,10.15000,Sales Inventory,Active
6654,Label AM/PM,ROLL,ROLL,1,2.34000,2.34000,5.08000,5.08000,Discontinued,Active
6657,Classic Yummy Sauce Label,PK,PK,1,8.67000,8.67000,8.63000,8.63000,Sales Inventory,Active
6660,Label Peanut SA,ROLL,ROLL,1,8.00000,8.00000,10.00000,10.00000,Discontinued,Active
6663,Label Organic Brn Rice,ROLL,ROLL,1,5.15000,5.15000,5.92000,5.92000,Discontinued,Inactive
6666,Brown Rice Sticker Clear,EACH,EACH,1,5.67000,5.67000,10.15000,10.15000,Sales Inventory,Active
6669,Label. Spring Gard. Sheet,EACH,EACH,1,0.20000,0.20000,0.36000,0.36000,Sales Inventory,Active
6672,Lab Sustain Sticker,ROLL,ROLL,1,6.00000,6.00000,17.26000,17.26000,Sales Inventory,Active
6673,Gluten Free Sticker 250,ROLL,ROLL,1,8.00000,8.00000,8.63000,8.63000,Sales Inventory,Active
6675,Prep Item Label 500,ROLL,ROLL,1,1.95000,1.95000,3.91000,3.91000,Sales Inventory,Active
6676,Hot Bowl Sell By Stickers,ROLL,ROLL,1,4.75000,4.75000,5.58000,5.58000,Sales Inventory,Active
6677,$2 Off Red Sticker,ROLL,ROLL,1,6.00000,6.00000,6.70000,6.70000,Sales Inventory,Active
6678,$1 Off Sticker,ROLL,ROLL,1,6.00000,6.00000,7.61000,7.61000,Sales Inventory,Active
6679,Weekly Special Sticker,ROLL,ROLL,1,5.25000,5.25000,6.50000,6.50000,Sales Inventory,Active
6683,Sticker. Green "Shrimp",ROLL,ROLL,1,7.00000,7.00000,6.00000,6.00000,Discontinued,Inactive
6684,Sticker. Green.  "Vegetable",ROLL,ROLL,1,7.00000,7.00000,6.00000,6.00000,Discontinued,Inactive
6685,Sticker. Grilled Chicken,ROLL,ROLL,1,4.95000,4.95000,6.50000,6.50000,Sales Inventory,Active
6900,Super Freezer,EACH,EACH,1,1175.00000,1175.00000,1435.00000,1435.00000,Discontinued,Inactive
6968,Tablet. Aus. Label Machine,EACH,EACH,1,750.00000,750.00000,761.25000,761.25000,Sales Inventory,Active
6969,Printer. Australia,EACH,EACH,1,312.64000,312.64000,342.06000,342.06000,Sales Inventory,Active
7006,P Cari Label Cand,ROLL,ROLL,1,0.00000,0.00000,8.25000,8.25000,Sales Inventory,Active
7007,P Wasa Label Cand,ROLL,ROLL,1,0.00000,0.00000,8.25000,8.25000,Sales Inventory,Active
7008,P Spicy Sauce Can,ROLL,ROLL,1,0.00000,0.00000,8.25000,8.25000,Sales Inventory,Active
7009,P Gari Weg,ROLL,ROLL,1,7.99000,7.99000,9.00000,9.00000,Sales Inventory,Active
7010,P Wasabi Weg,ROLL,ROLL,1,7.99000,7.99000,9.00000,9.00000,Sales Inventory,Active
7011,Spy Sauce Label Weg,ROLL,ROLL,1,7.99000,7.99000,8.79000,8.79000,Sales Inventory,Active
7012,Vege Gyoza Bar Code,ROLL,ROLL,1,5.00000,5.00000,7.87000,7.87000,Sales Inventory,Active
7099,KARAAGE BATTER,PK,PK,1,6.75000,6.75000,7.50000,7.50000,Sales Inventory,Active
7120,Label Prem Tuna,ROLL,ROLL,1,4.80000,4.80000,5.50000,5.50000,Sales Inventory,Active
7121,Label Aramark,ROLL,ROLL,1,0.00000,0.00000,7.50000,7.50000,Sales Inventory,Active
7131,Label Blue Crab,ROLL,ROLL,1,3.40000,3.40000,7.50000,7.50000,Discontinued,Active
7132,P. Teriyaki 250,ROLL,ROLL,1,5.15000,5.15000,8.37000,8.37000,Sales Inventory,Active
7133,Thermo Dierberg,ROLL,ROLL,1,0.00000,0.00000,7.50000,7.50000,Discontinued,Inactive
7139,New Nutri Broch,ROLL,ROLL,1,10.00000,10.00000,15.00000,15.00000,Sales Inventory,Active
7143,Lab Can Nut Fac,ROLL,ROLL,1,0.00000,0.00000,11.17000,11.17000,Sales Inventory,Active
7144,P Spicy Oishisa L 200,ROLL,ROLL,1,7.00000,7.00000,8.25000,8.25000,Sales Inventory,Active
7149,P Label Avery,ROLL,ROLL,1,0.00000,0.00000,0.35000,0.35000,Sales Inventory,Active
7150,P LA Wasa Sauce,ROLL,ROLL,1,0.00000,0.00000,10.00000,10.00000,Sales Inventory,Active
7151,Label Swt Chili,ROLL,ROLL,1,6.00000,6.00000,10.15000,10.15000,Sales Inventory,Active
7156,THERMO PF SUSHI,ROLL,ROLL,1,6.06000,6.06000,7.50000,7.50000,Sales Inventory,Active
7158,Lab Bar Code,ROLL,ROLL,1,0.00000,0.00000,0.36000,0.36000,Sales Inventory,Active
7161,P LA Konomi 1000,EACH,EACH,1,0.00000,0.00000,7.50000,7.50000,Sales Inventory,Active
7167,Label Kowalski,ROLL,ROLL,1,0.00000,0.00000,25.00000,25.00000,Sales Inventory,Active
7170,P.LA GOMA RETAIL LABEL,EACH,EACH,1,37.50000,37.50000,0.00000,0.00000,Sales Inventory,Active
7183,Label Grill Gyoza,ROLL,ROLL,1,2.03000,2.03000,5.92000,5.92000,Sales Inventory,Active
720,LATE ORDER,EACH,EACH,1,0.00000,0.00000,50.00000,50.00000,Sales Inventory,Active
7219,Attach Board Set,SET,SET,1,0.00000,0.00000,16.24000,16.24000,Sales Inventory,Active
7225,THERMO SUSHI ICHI DIRECT,ROLL,ROLL,1,6.23000,6.23000,7.50000,7.50000,Sales Inventory,Active
7226,Thermo Fortino Brown,ROLL,ROLL,1,5.90000,5.90000,7.50000,7.50000,Sales Inventory,Active
7227,Thermo Fortino Blue,ROLL,ROLL,1,5.96000,5.96000,7.50000,7.50000,Sales Inventory,Active
7228,THERMO LABEL BIG Y 001,ROLL,ROLL,1,6.09000,6.09000,7.61000,7.61000,Sales Inventory,Active
7235,Clear Wasabi Dressing Sticker,ROLL,ROLL,1,0.00000,0.00000,10.15000,10.15000,Discontinued,Active
7238,Clear Brown Rice Sticker,ROLL,ROLL,1,6.96000,6.96000,10.00000,10.00000,Sales Inventory,Inactive
7239,Clear Chef Special Dressing Sticker,ROLL,ROLL,1,6.96000,6.96000,10.15000,10.15000,Sales Inventory,Active
7242,Clear Spicy Sauce Sticker,ROLL,ROLL,1,9.00000,9.00000,17.76000,17.76000,Sales Inventory,Inactive
7243,Clear Pickled Ginger Sticker,ROLL,ROLL,1,15.45000,15.45000,17.76000,17.76000,Sales Inventory,Active
7303,Label Heart Cake,EACH,EACH,1,0.00000,0.00000,6.00000,6.00000,Sales Inventory,Active
7332,AOS Madison Label Thermo,PK,PK,1,26.00000,26.00000,0.00000,0.00000,Sales Inventory,Active
7545,Retail Rice. Microwavable,CS,CS,1,13.56000,13.56000,6.84000,6.84000,Sales Inventory,Active
7546,Use 7545,BOT,CS12,12,1.15000,13.80000,6.84000,82.08000,Sales Inventory,Active
7546,Use 7545,BOT,BOT,1,1.15000,1.15000,2.30000,2.30000,Sales Inventory,Active
8000,Poster Frame Ikea,EACH,EACH,1,1.35000,1.35000,1.37000,1.37000,Sales Inventory,Active
8001,Poster "Try Me",EACH,EACH,1,5.00000,5.00000,12.18000,12.18000,Discontinued,Active
8002,Blender,EACH,EACH,1,30.00000,30.00000,35.53000,35.53000,Sales Inventory,Active
8082,Soup Base Tonkotsu Yama 10/cs,BOT,CS10,10,15.70000,157.00000,170.52000,1705.20000,Sales Inventory,Active
8082,Soup Base Tonkotsu Yama 10/cs,BOT,BOT,1,15.70000,15.70000,17.05000,17.05000,Sales Inventory,Active
8083,Soup Base Miso Yamachan 12/cs,BOT,BOT,1,11.10000,11.10000,12.06000,12.06000,Sales Inventory,Active
8083,Soup Base Miso Yamachan 12/cs,BOT,CS12,12,11.10000,133.20000,144.70000,1736.40000,Sales Inventory,Active
8101,HOT BOWL NET,CS,CS,1,200.00000,200.00000,223.30000,223.30000,Sales Inventory,Active
8102,Cleaning Pen,EACH,EACH,1,1.09000,1.09000,3.92000,3.92000,Sales Inventory,Active
8104,Calendar Set,EACH,EACH,1,0.00000,0.00000,0.01000,0.01000,Sales Inventory,Active
8106,Katsuramaki Ki,EACH,EACH,1,50.00000,50.00000,50.00000,50.00000,Discontinued,Inactive
8108,Chochin (Lantern) Small,EACH,EACH,1,10.19000,10.19000,15.00000,15.00000,Discontinued,Inactive
8110,Demo Tablecloth,EACH,EACH,1,12.50000,12.50000,13.50000,13.50000,Discontinued,Inactive
8112,Scrub,EACH,EACH,1,0.46000,0.46000,0.41000,0.41000,Sales Inventory,Active
8114,Brush,EACH,EACH,1,8.90000,8.90000,9.54000,9.54000,Sales Inventory,Active
8116,Sanitizer,EACH,EACH,1,0.00000,0.00000,19.95000,19.95000,Sales Inventory,Active
8118,Spray Bottle,EACH,EACH,1,2.66000,2.66000,4.06000,4.06000,Sales Inventory,Active
8121,Torch. Iwatani,EACH,EACH,1,23.90000,23.90000,35.53000,35.53000,Sales Inventory,Active
8122,Makisu 27cm,EACH,EACH,1,1.16000,1.16000,4.40000,4.40000,Sales Inventory,Active
8124,Makisu (S),EACH,EACH,1,0.94000,0.94000,1.54000,1.54000,Sales Inventory,Active
8126,Plastic Makisu,EACH,EACH,1,0.00000,0.00000,8.60000,8.60000,Discontinued,Inactive
8128,Masterchef Knife,EACH,EACH,1,47.42000,47.42000,79.20000,79.20000,Sales Inventory,Active
8129,Ladle 2oz,EACH,EACH,1,0.00000,0.00000,4.15000,4.15000,Sales Inventory,Active
8130,Sharp Storne-LG,EACH,EACH,1,17.47000,17.47000,23.76000,23.76000,Sales Inventory,Active
8131,MEASURING TEASPOON,EACH,EACH,1,2.79000,2.79000,3.55000,3.55000,Sales Inventory,Active
8134,ladle 1oz,EACH,EACH,1,1.50000,1.50000,2.00000,2.00000,Sales Inventory,Active
8137,Ladle 8oz,EACH,EACH,1,5.40000,5.40000,6.50000,6.50000,Sales Inventory,Active
8138,Ladle 12oz,EACH,EACH,1,3.60000,3.60000,4.36000,4.36000,Sales Inventory,Active
8139,Thermo Gun,EACH,EACH,1,0.00000,0.00000,125.00000,125.00000,Sales Inventory,Active
8140,Sushi Former,EACH,EACH,1,3.40000,3.40000,5.94000,5.94000,Sales Inventory,Active
8142,Pail Lid Opener,EACH,EACH,1,1.62000,1.62000,5.58000,5.58000,Sales Inventory,Active
8144,Tweezer,EACH,EACH,1,2.27000,2.27000,4.22000,4.22000,Sales Inventory,Active
8146,Benriner,EACH,EACH,1,17.74000,17.74000,21.65000,21.65000,Sales Inventory,Active
8148,Benriner Blade Only,EACH,EACH,1,4.64000,4.64000,7.39000,7.39000,Sales Inventory,Active
8149,Pastry Bag Lg,PK,PK,1,24.39000,24.39000,25.85000,25.85000,Discontinued,Inactive
8150,Peeler,EACH,EACH,1,1.00000,1.00000,2.38000,2.38000,Sales Inventory,Active
8153,Jigger,EACH,EACH,1,2.80000,2.80000,3.40000,3.40000,Sales Inventory,Active
8154,Blue Sheet,EACH,EACH,1,55.01000,55.01000,154.00000,154.00000,Sales Inventory,Active
8155,Green Mirroe Sheet,EACH,EACH,1,85.00000,85.00000,200.00000,200.00000,Sales Inventory,Active
8156,Sushi Mold (kata),EACH,EACH,1,3.60000,3.60000,3.40000,3.40000,Sales Inventory,Active
8157,Mirror Sheet W/R/Gold for Publix,EACH,EACH,1,205.00000,205.00000,140.00000,140.00000,Sales Inventory,Active
8158,Sunoko (Ivory) Special,CASE,CASE,1,475.00000,475.00000,475.00000,475.00000,Sales Inventory,Active
8160,Sunoko (MAT) IV,CASE,CASE,1,316.00000,316.00000,282.40000,282.40000,Sales Inventory,Active
8162,Buffer Solution,EACH,EACH,1,17.81000,17.81000,23.00000,23.00000,Sales Inventory,Active
8162,Buffer Solution,EACH,SET,2,17.81000,35.62000,46.69000,93.38000,Sales Inventory,Active
8164,Rubber Band,BAG,BAG,1,2.25000,2.25000,2.50000,2.50000,Discontinued,Inactive
8166,Safety Glove. Med or SM,EACH,EACH,1,6.95000,6.95000,22.33000,22.33000,Sales Inventory,Active
8168,P Glove Small 100,PK,PK,1,2.00000,2.00000,2.03000,2.03000,Sales Inventory,Active
8170,P Glove Medium 100,PK,PK,1,2.00000,2.00000,2.03000,2.03000,Sales Inventory,Active
8172,P Glove Large 100,PK,PK,1,0.61000,0.61000,0.51000,0.51000,Sales Inventory,Active
8174,Paper Towel,EACH,EACH,1,1.75000,1.75000,2.54000,2.54000,Sales Inventory,Active
8176,Seal Wrap 18,EACH,EACH,1,21.34000,21.34000,22.48000,22.48000,Sales Inventory,Active
8178,Towel Disposable,PACK,PACK,1,14.17000,14.17000,16.24000,16.24000,Sales Inventory,Active
8180,Wax Paper,EACH,EACH,1,4.00000,4.00000,6.34000,6.34000,Sales Inventory,Active
8182,Absorbent Pad  1.000pc,BOX,BOX,1,13.38000,13.38000,24.36000,24.36000,Sales Inventory,Active
8183,Nigiri Maker,EACH,EACH,1,2.00000,2.00000,2.25000,2.25000,Sales Inventory,Active
8184,Disposable Pastry Bag,EACH,EACH,1,15.00000,15.00000,17.51000,17.51000,Sales Inventory,Active
8186,Pastry Bag Tip,EACH,EACH,1,0.65000,0.65000,0.81000,0.81000,Sales Inventory,Active
8188,Log Book,EACH,EACH,1,10.00000,10.00000,30.44000,30.44000,Discontinued,Active
8190,Binder Set,EACH,EACH,1,0.00000,0.00000,7.25000,7.25000,Sales Inventory,Active
8192,Ord sht Price L,EACH,EACH,1,0.00000,0.00000,0.01000,0.01000,Discontinued,Active
8195,Strainer,EACH,EACH,1,0.00000,0.00000,11.40000,11.40000,Sales Inventory,Active
8205,Water Base Frame,EACH,EACH,1,103.00000,103.00000,120.23000,120.23000,Sales Inventory,Active
8210,Indoor Banner Cust. Service,EACH,EACH,1,30.00000,30.00000,35.00000,35.00000,Sales Inventory,Active
8211,A shape Panel,EACH,EACH,1,35.00000,35.00000,40.60000,40.60000,Sales Inventory,Active
8212,HK Interior Banner,EACH,EACH,1,0.00000,0.00000,35.00000,35.00000,Discontinued,Inactive
8215,Custom Order Sticker,EACH,EACH,1,5.50000,5.50000,8.50000,8.50000,Discontinued,Active
8220,Shelf Liner Cust. Service,EACH,EACH,1,10.50000,10.50000,9.50000,9.50000,Sales Inventory,Active
8225,Shelf Liner 2 Liner Cust. Service,EACH,EACH,1,15.00000,15.00000,16.00000,16.00000,Sales Inventory,Active
8304,Rice Warmer,EACH,EACH,1,220.65000,220.65000,273.90000,273.90000,Sales Inventory,Active
8306,Water Base Attachment,EACH,EACH,1,29.00000,29.00000,41.27000,41.27000,Sales Inventory,Active
8308,Water Base Frame Bundle Set,EACH,EACH,1,183.00000,183.00000,213.61000,213.61000,Sales Inventory,Active
8312,Picture Frame  IKEA,EACH,EACH,1,2.50000,2.50000,3.50000,3.50000,Sales Inventory,Active
8316,A La Carte Sign,EACH,EACH,1,0.00000,0.00000,18.00000,18.00000,Sales Inventory,Active
8320,Sign Holder CLP,EACH,EACH,1,1.38000,1.38000,1.89000,1.89000,Sales Inventory,Active
8324,Paper Clock,EACH,EACH,1,1.50000,1.50000,3.15000,3.15000,Sales Inventory,Active
8328,Banner Tsunami,EACH,EACH,1,0.00000,0.00000,50.00000,50.00000,Discontinued,Inactive
8332,Banner No Logo,EACH,EACH,1,32.00000,32.00000,50.00000,50.00000,Discontinued,Inactive
8335,Static Cling,EACH,EACH,1,7.50000,7.50000,8.03000,8.03000,Sales Inventory,Active
8336,Posters - Hot Food Bundle,EACH,EACH,1,7.67000,7.67000,7.67000,7.67000,Sales Inventory,Active
8340,Indoor Banner. Fully Cooked,EACH,EACH,1,30.00000,30.00000,40.00000,40.00000,Sales Inventory,Active
8342,Chef Sp Mini Poster Small,EACH,EACH,1,1.00000,1.00000,3.00000,3.00000,Sales Inventory,Active
8344,Letter Poster,EACH,EACH,1,3.00000,3.00000,3.00000,3.00000,Sales Inventory,Active
8345,Ironman Sign & Frames,EACH,EACH,1,69.00000,69.00000,74.00000,74.00000,Sales Inventory,Active
8346,Poster. Placard Publix,EACH,EACH,1,4.00000,4.00000,4.50000,4.50000,Sales Inventory,Active
8348,Indoor Banner Stand,EACH,EACH,1,25.00000,25.00000,74.00000,74.00000,Sales Inventory,Active
8352,Hybrid Program Set,EACH,EACH,1,0.00000,0.00000,51.00000,51.00000,Sales Inventory,Active
8356,Micfoil Balloon,EACH,EACH,1,1.28000,1.28000,3.00000,3.00000,Sales Inventory,Inactive
8360,Nutrition Charts. Laminated,EACH,EACH,1,3.50000,3.50000,4.31000,4.31000,Sales Inventory,Active
8361,MDB Nutrition Chart,EACH,EACH,1,3.50000,3.50000,4.31000,4.31000,Sales Inventory,Active
8362,Amazon Color Menus 100,SET,SET,1,0.00000,0.00000,27.50000,27.50000,Sales Inventory,Inactive
8364,New Color Menu 100,SET,SET,1,14.00000,14.00000,15.23000,15.23000,Sales Inventory,Active
8365,MDB Color Menu 100,EACH,EACH,1,17.00000,17.00000,15.23000,15.23000,Sales Inventory,Active
8366,Color Menu. Rouses 100 Sh,EACH,EACH,1,20.00000,20.00000,22.33000,22.33000,Sales Inventory,Active
8368,SAMPLING TAGS,EACH,EACH,1,9.55000,9.55000,15.23000,15.23000,Sales Inventory,Active
8372,STAR STICKER,EACH,EACH,1,1.00000,1.00000,0.60000,0.60000,Sales Inventory,Active
8376,Price List,SET,SET,1,2.00000,2.00000,0.01000,0.01000,Discontinued,Inactive
8380,Rice Container Blue,EACH,EACH,1,112.00000,112.00000,112.00000,112.00000,Sales Inventory,Inactive
8384,Pull up Banner,EACH,EACH,1,250.00000,250.00000,318.25000,318.25000,Sales Inventory,Active
8500,Curry Kettle Warmer,EACH,EACH,1,65.00000,65.00000,77.50000,77.50000,Sales Inventory,Active
8501,Knife Sharpener,EACH,EACH,1,0.00000,0.00000,36.54000,36.54000,Discontinued,Active
8504,Sesame Shaker,EACH,EACH,1,3.42000,3.42000,5.08000,5.08000,Sales Inventory,Active
8508,To Go Soy Cont.,EACH,EACH,1,2.15000,2.15000,5.50000,5.50000,Sales Inventory,Active
8512,Yosenabe Pot,EACH,EACH,1,25.99000,25.99000,30.45000,30.45000,Sales Inventory,Active
8516,Menu Holder,EACH,EACH,1,27.50000,27.50000,25.38000,25.38000,Sales Inventory,Active
8520,Fish Container Body,EACH,EACH,1,4.56000,4.56000,5.08000,5.08000,Sales Inventory,Active
8524,Fish Container Top,EACH,EACH,1,2.73000,2.73000,4.31000,4.31000,Sales Inventory,Active
8528,Food Container (S) Body,EACH,EACH,1,3.75000,3.75000,5.18000,5.18000,Sales Inventory,Active
8532,Food Cont (S) Lid,EACH,EACH,1,2.83000,2.83000,3.55000,3.55000,Sales Inventory,Active
8536,Food Cont (L) BD,EACH,EACH,1,5.36000,5.36000,7.41000,7.41000,Sales Inventory,Active
8540,Food Cont (L) LD,EACH,EACH,1,3.16000,3.16000,4.15000,4.15000,Sales Inventory,Active
8544,Food Cont (XL) BD,EACH,EACH,1,7.48000,7.48000,11.22000,11.22000,Sales Inventory,Active
8548,Food Cont (XL) LD,EACH,EACH,1,4.76000,4.76000,7.11000,7.11000,Sales Inventory,Active
8552,S Rice Box Body,EACH,EACH,1,12.71000,12.71000,13.70000,13.70000,Sales Inventory,Active
8556,S Rice Box Lid,EACH,EACH,1,7.83000,7.83000,8.48000,8.48000,Sales Inventory,Active
8560,Rice Mix Box,EACH,EACH,1,22.14000,22.14000,23.85000,23.85000,Sales Inventory,Active
8564,Rice Mix Box Lid,EACH,EACH,1,13.00000,13.00000,14.01000,14.01000,Sales Inventory,Active
8568,Rice Bin,EACH,EACH,1,28.89000,28.89000,28.42000,28.42000,Sales Inventory,Active
8572,Rice Scoop,EACH,EACH,1,7.95000,7.95000,8.87000,8.87000,Sales Inventory,Active
8576,Rice Spatula,EACH,EACH,1,3.70000,3.70000,5.08000,5.08000,Sales Inventory,Active
8580,Tong 12in,EACH,EACH,1,3.85000,3.85000,4.65000,4.65000,Sales Inventory,Active
8584,Measure Cup 1qt,EACH,EACH,1,7.15000,7.15000,9.39000,9.39000,Sales Inventory,Active
8588,Sauce Bottle,EACH,EACH,1,0.86000,0.86000,2.03000,2.03000,Sales Inventory,Active
8600,Bluetooth Adapter,EACH,EACH,1,103.15000,103.15000,113.46000,113.46000,Sales Inventory,Active
8704,Temp Recorder UTRIX-16,EACH,EACH,1,28.00000,28.00000,30.80000,30.80000,Sales Inventory,Active
8705,PH Tester,EACH,EACH,1,79.99000,79.99000,97.44000,97.44000,Sales Inventory,Active
8710,PH Replacment Tip,EACH,EACH,1,40.50000,40.50000,55.83000,55.83000,Sales Inventory,Active
8712,PH Tester Paper,EACH,EACH,1,11.88000,11.88000,15.23000,15.23000,Sales Inventory,Active
8714,Tablet. Hot Spare,EACH,EACH,1,489.00000,489.00000,600.00000,600.00000,Sales Inventory,Active
8715,Label Machine,EACH,EACH,1,740.00000,740.00000,609.00000,609.00000,Sales Inventory,Active
8716,Tablet Bundle 2 TRI,EACH,EACH,1,748.00000,748.00000,830.28000,830.28000,Sales Inventory,Active
8717,Tablets Bundle 1 TRI,EACH,EACH,1,984.00000,984.00000,1092.24000,1092.24000,Sales Inventory,Active
8718,Tablet Outer Case,EACH,EACH,1,35.00000,35.00000,25.00000,25.00000,Sales Inventory,Active
8719,Zebra Printer LP2824,EACH,EACH,1,450.00000,450.00000,495.00000,495.00000,Sales Inventory,Active
8720,Scanner,EACH,EACH,1,388.25000,388.25000,645.16000,645.16000,Sales Inventory,Active
8721,Tablet Bundle 1 WTP,EACH,EACH,1,798.95000,798.95000,1108.62000,1108.62000,Sales Inventory,Active
8722,Tablet Bundle 2 WTP,EACH,EACH,1,365.00000,365.00000,842.73000,842.73000,Sales Inventory,Active
8735,Scan Sheet Single,EACH,EACH,1,5.00000,5.00000,5.00000,5.00000,Sales Inventory,Active
8740,Scan Sheet Hap Heart,EACH,EACH,1,3.00000,3.00000,5.00000,5.00000,Sales Inventory,Active
8745,Canarm Light,EACH,EACH,1,9.22000,9.22000,12.00000,12.00000,Discontinued,Active
8746,LED Light Flute,EACH,EACH,1,14.00000,14.00000,16.00000,16.00000,Discontinued,Active
8750,Thermometer  Digital,EACH,EACH,1,21.50000,21.50000,22.03000,22.03000,Sales Inventory,Active
8755,Rice Cooker,EACH,EACH,1,143.90000,143.90000,167.48000,167.48000,Sales Inventory,Active
8760,R Cook Inr. Pot,EACH,EACH,1,79.60000,79.60000,78.16000,78.16000,Sales Inventory,Active
8765,Rice Cooker Top,EACH,EACH,1,38.30000,38.30000,45.68000,45.68000,Sales Inventory,Active
8770,Digital Picture Frame,EACH,EACH,1,150.00000,150.00000,165.00000,165.00000,Sales Inventory,Active
8775,Date Gun,EACH,EACH,1,67.00000,67.00000,76.13000,76.13000,Sales Inventory,Active
8777,Scales 20 lbs Digital,EACH,EACH,1,29.43000,29.43000,32.50000,32.50000,Discontinued,Active
8780,Steamer. Dumpling,EACH,EACH,1,10.00000,10.00000,10.86000,10.86000,Sales Inventory,Active
8902,HK Happi Coat & Hat,SET,SET,1,56.50000,56.50000,58.20000,58.20000,Sales Inventory,Active
8904,Chef Coat White Small,EACH,EACH,1,20.20000,20.20000,35.53000,35.53000,Sales Inventory,Active
8905,Chef Coat White Medium,EACH,EACH,1,20.20000,20.20000,35.53000,35.53000,Sales Inventory,Active
8906,Chef Coat White Lg,EACH,EACH,1,20.20000,20.20000,35.53000,35.53000,Sales Inventory,Active
8907,Chef Coat White XL,EACH,EACH,1,20.20000,20.20000,35.53000,35.53000,Sales Inventory,Active
8910,Chef Coat Black,EACH,EACH,1,23.00000,23.00000,35.53000,35.53000,Sales Inventory,Active
8911,Chef Coat. Black.Coastal Pacific,EACH,EACH,1,26.00000,26.00000,35.53000,35.53000,Sales Inventory,Active
8915,Chef Coat Harris-Teeter,EACH,EACH,1,32.45000,32.45000,35.53000,35.53000,Sales Inventory,Active
8920,Chef Coat Metropolitan,EACH,EACH,1,23.00000,23.00000,35.53000,35.53000,Sales Inventory,Active
8925,Chef Coat Red,EACH,EACH,1,29.30000,29.30000,35.53000,35.53000,Sales Inventory,Active
8930,Chef Coat Yamato,EACH,EACH,1,34.20000,34.20000,35.53000,35.53000,Sales Inventory,Active
8931,Wild Blue Chef Coat Sm,EACH,EACH,1,41.00000,41.00000,45.10000,45.10000,Sales Inventory,Active
8932,Wild Blue Chef Coat Med,EACH,EACH,1,41.00000,41.00000,45.10000,45.10000,Sales Inventory,Active
8933,Wild Blue Chef Coat Lrg,EACH,EACH,1,41.00000,41.00000,45.10000,45.10000,Sales Inventory,Active
8934,Wild Blue Chef Coat XL,EACH,EACH,1,41.00000,41.00000,45.10000,45.10000,Sales Inventory,Active
8935,Happi Coat Red Giant Eagle,EACH,EACH,1,45.00000,45.00000,45.00000,45.00000,Sales Inventory,Active
8940,Chef Coat Rouses,EACH,EACH,1,25.00000,25.00000,35.53000,35.53000,Sales Inventory,Active
8943,Chef Coat Green Small,EACH,EACH,1,29.30000,29.30000,35.53000,35.53000,Sales Inventory,Active
8944,Chef Coat Green Medium,EACH,EACH,1,29.30000,29.30000,35.53000,35.53000,Sales Inventory,Active
8945,Chef Coat Green Large,EACH,EACH,1,29.30000,29.30000,35.53000,35.53000,Sales Inventory,Active
8950,Polo Shirts White,EACH,EACH,1,18.00000,18.00000,21.92000,21.92000,Sales Inventory,Active
8954,Apron Black,EACH,EACH,1,7.75000,7.75000,11.17000,11.17000,Sales Inventory,Active
8958,Hat Black (M),EACH,EACH,1,5.80000,5.80000,6.85000,6.85000,Sales Inventory,Active
8959,HAT RED DEMO,EACH,EACH,1,9.00000,9.00000,6.85000,6.85000,Sales Inventory,Active
8962,HOT FOOD BASEBALL CAP,EACH,EACH,1,5.00000,5.00000,7.61000,7.61000,Sales Inventory,Active
8966,Name Badge,EACH,EACH,1,2.50000,2.50000,3.05000,3.05000,Sales Inventory,Active
9051,Hat White S.M.L,EACH,EACH,1,5.75000,5.75000,6.85000,6.85000,Sales Inventory,Active
9055,HK Bento Lunch Box 60PC/CS,EACH,EACH,1,0.95000,0.95000,1.00000,1.00000,Discontinued,Active
9055,HK Bento Lunch Box 60PC/CS,EACH,CS60,60,0.95000,57.00000,60.00000,3600.00000,Discontinued,Active
9060, Plush Doll 30PC/CS(Hello Kitty),CS,CS,1,99.60000,99.60000,30.00000,30.00000,Discontinued,Active
9061,HK Plush Dolls Each,EACH,EACH,1,3.32000,3.32000,1.00000,1.00000,Discontinued,Active
9065,HK Circle Button Badge,EACH,EACH,1,1.23000,1.23000,1.35000,1.35000,Discontinued,Active
9099,Happi White (S),EACH,EACH,1,17.00000,17.00000,18.50000,18.50000,Sales Inventory,Active
9100,Happi White (M),EACH,EACH,1,17.00000,17.00000,18.50000,18.50000,Sales Inventory,Active
9101,Happi White (L),EACH,EACH,1,22.00000,22.00000,18.50000,18.50000,Sales Inventory,Active
9102,Happi White (XL),EACH,EACH,1,15.50000,15.50000,18.50000,18.50000,Sales Inventory,Active
9103,Happi Hat Whi S,EACH,EACH,1,0.00000,0.00000,6.75000,6.75000,Sales Inventory,Active
9104,Happi Apron Grn,EACH,EACH,1,8.50000,8.50000,11.00000,11.00000,Sales Inventory,Active
9107,Happi Hat (M),EACH,EACH,1,0.00000,0.00000,6.75000,6.75000,Sales Inventory,Active
9108,Happi Hat (L),EACH,EACH,1,0.00000,0.00000,6.75000,6.75000,Sales Inventory,Active
9109,Happi Blue SMLX,EACH,EACH,1,0.00000,0.00000,20.50000,20.50000,Sales Inventory,Active
9110,Happi Blue LG,EACH,EACH,1,17.00000,17.00000,20.50000,20.50000,Sales Inventory,Active
9111,Happi Blue SM,EACH,EACH,1,17.00000,17.00000,20.50000,20.50000,Sales Inventory,Active
9112,Happi Blue M,EACH,EACH,1,0.00000,0.00000,20.50000,20.50000,Sales Inventory,Active
9113,Happi Blue XLG,EACH,EACH,1,17.00000,17.00000,20.50000,20.50000,Sales Inventory,Active
9114,Happi Hat Blue,EACH,EACH,1,6.00000,6.00000,6.75000,6.75000,Sales Inventory,Active
9117,Happi Gold SML,EACH,EACH,1,0.00000,0.00000,22.50000,22.50000,Sales Inventory,Active
9118,Happi Gold M,EACH,EACH,1,21.50000,21.50000,22.50000,22.50000,Sales Inventory,Active
9119,Happi Gold LG,EACH,EACH,1,21.50000,21.50000,22.50000,22.50000,Sales Inventory,Active
9120,Navy Chef Jacket,EACH,EACH,1,29.25000,29.25000,35.00000,35.00000,Sales Inventory,Active
9122,Hat Black (S),EACH,EACH,1,6.00000,6.00000,6.85000,6.85000,Sales Inventory,Active
9124,Hat Black (L),EACH,EACH,1,6.00000,6.00000,6.85000,6.85000,Sales Inventory,Active
9125,Happi Gold XSML,EACH,EACH,1,21.50000,21.50000,22.50000,22.50000,Sales Inventory,Active
9126,Hapi Oishisa SM,EACH,EACH,1,20.00000,20.00000,20.50000,20.50000,Sales Inventory,Active
9127,Hapi Oishisa M,EACH,EACH,1,0.00000,0.00000,20.50000,20.50000,Sales Inventory,Active
9128,Hapi Oishisa L,EACH,EACH,1,20.00000,20.00000,20.50000,20.50000,Sales Inventory,Active
9129,Hapi Oishisa XL,EACH,EACH,1,20.00000,20.00000,20.50000,20.50000,Sales Inventory,Active
9130,Hapi Wegman SM,EACH,EACH,1,13.50000,13.50000,18.50000,18.50000,Sales Inventory,Active
9131,Hapi Wegman M,EACH,EACH,1,13.50000,13.50000,18.50000,18.50000,Sales Inventory,Active
9132,Hapi Wegman L,EACH,EACH,1,13.50000,13.50000,18.50000,18.50000,Sales Inventory,Active
9133,Hapi Wegman XL,EACH,EACH,1,13.50000,13.50000,18.50000,18.50000,Sales Inventory,Active
9135,Happi HT M,EACH,EACH,1,32.00000,32.00000,36.80000,36.80000,Sales Inventory,Active
9136,Happi HT L,EACH,EACH,1,32.00000,32.00000,36.80000,36.80000,Sales Inventory,Active
9137,Hat HT M,EACH,EACH,1,7.00000,7.00000,8.05000,8.05000,Sales Inventory,Active
9138,Hat HT L,EACH,EACH,1,7.00000,7.00000,8.05000,8.05000,Sales Inventory,Active
9139,Happi HT SM,EACH,EACH,1,13.50000,13.50000,36.80000,36.80000,Sales Inventory,Active
9140,Happi HT XLG,EACH,EACH,1,32.00000,32.00000,36.80000,36.80000,Sales Inventory,Active
9150,CHEF COAT UNITED,EACH,EACH,1,29.30000,29.30000,28.93000,28.93000,Sales Inventory,Active
9151,Sweatshirt. Blk,EACH,EACH,1,17.50000,17.50000,17.00000,17.00000,Sales Inventory,Active
9154,Ninja Apron,EACH,EACH,1,8.50000,8.50000,9.50000,9.50000,Sales Inventory,Active
9165,Chef Coat Weg,EACH,EACH,1,20.20000,20.20000,25.00000,25.00000,Sales Inventory,Active
9166,Chef Coat Marsh Black,EACH,EACH,1,26.00000,26.00000,25.00000,25.00000,Sales Inventory,Active
9171,Chef Coat Fortinos,PK,PK,1,20.20000,20.20000,25.00000,25.00000,Sales Inventory,Active
9199,Shelf Molding,EACH,EACH,1,5.00000,5.00000,5.65000,5.65000,Sales Inventory,Active
9200,Menu Grill Bar,EACH,EACH,1,0.00000,0.00000,5.00000,5.00000,Sales Inventory,Active
9222,Cap. Steam Table,EACH,EACH,1,5.00000,5.00000,8.00000,8.00000,Sales Inventory,Active
9223,Apron Steam Table,EACH,EACH,1,12.00000,12.00000,13.00000,13.00000,Sales Inventory,Active
9224,T-Shirt. Black Steam Table,EACH,EACH,1,5.00000,5.00000,10.15000,10.15000,Sales Inventory,Active
9225,T-Shirt. Green,EACH,EACH,1,5.00000,5.00000,10.00000,10.00000,Sales Inventory,Active
9252,Rice Cooker/Warmer 20 cup,EACH,EACH,1,255.00000,255.00000,272.85000,272.85000,Sales Inventory,Active
9399,Chopstick Color,EACH,EACH,1,143.90000,143.90000,1.50000,1.50000,Sales Inventory,Active
9400,USB Picture Drive,EACH,EACH,1,5.79000,5.79000,8.00000,8.00000,Sales Inventory,Active
9440,944 HC Comp Tray,CS,CS,1,39.08000,39.08000,42.02000,42.02000,Sales Inventory,Active
9500,Miso Soup Base,CS,CS,1,35.96000,35.96000,65.00000,65.00000,Sales Inventory,Active
9799,Sushi Robot SVR-NYA,EACH,EACH,1,12250.00000,12250.00000,12617.50000,12617.50000,Sales Inventory,Active
98,2oz Cup & Lid Set,EACH,EACH,1,85.00000,85.00000,17.10000,17.10000,Discontinued,Active
9802,Scanner Cable,EACH,EACH,1,99.00000,99.00000,129.00000,129.00000,Sales Inventory,Active
9803,SCA Pow Supply,EACH,EACH,1,45.37000,45.37000,48.00000,48.00000,Sales Inventory,Active
9804,PRI Power Supply,EACH,EACH,1,80.00000,80.00000,113.00000,113.00000,Sales Inventory,Active
9898,Aluminum Mat. Hot FD,EACH,EACH,1,10.00000,10.00000,20.00000,20.00000,Sales Inventory,Active
9899,Fake Ice Disp Set,EACH,EACH,1,0.01000,0.01000,100.00000,100.00000,Sales Inventory,Active
9900,U-Boat Utility Cart,EACH,EACH,1,241.25000,241.25000,255.00000,255.00000,Sales Inventory,Active
9901,Demo Table. Origami,EACH,EACH,1,120.00000,120.00000,143.00000,143.00000,Sales Inventory,Active
9902,Retractable Banner GO,EACH,EACH,1,308.00000,308.00000,511.00000,511.00000,Sales Inventory,Active
9913,Price Menu 200,EACH,EACH,1,5.00000,5.00000,10.00000,10.00000,Sales Inventory,Active
9916,Promotion Poster. Sticker 191167,SET,SET,1,23.12000,23.12000,25.43000,25.43000,Sales Inventory,Active
9940,JFC Sushi Tray 0.8 (AFC235)  Set Case,CS,CS,1,127.00000,127.00000,127.00000,127.00000,Sales Inventory,Active
9941,JFC Sushi Tray 1.0 (AFC-4) Set Case,CS,CS,1,165.00000,165.00000,165.00000,165.00000,Sales Inventory,Active
9942,JFC Sushi Tray 1.5 (AFC-5) Set Case,CS,CS,1,147.00000,147.00000,147.00000,147.00000,Sales Inventory,Active
9943,JFC Sushi Tray 2.0 (AFC-30) Set Cs,CS,CS,1,132.00000,132.00000,132.00000,132.00000,Sales Inventory,Active
9944,JFC Sushi TraySF27 (AFC-20) Set Cs,CS,CS,1,157.00000,157.00000,157.00000,157.00000,Sales Inventory,Active
9950,Waterbase Frame 204245,EACH,EACH,1,186.00000,186.00000,199.02000,199.02000,Sales Inventory,Active
9951,Waterbase Graphic Panel 195582,EACH,EACH,1,32.00000,32.00000,34.24000,34.24000,Sales Inventory,Active
9952,Sushi Combo Sticker 203630,EACH,EACH,1,55.50000,55.50000,59.39000,59.39000,Sales Inventory,Active
9953,$5 Sushi Friday 203347,EACH,EACH,1,32.50000,32.50000,34.78000,34.78000,Sales Inventory,Active
9954,Customer Appreciation Letter 202797,EACH,EACH,1,5.54000,5.54000,5.93000,5.93000,Sales Inventory,Active
9955,Deluxe Hot Bowl Sign 204873,EACH,EACH,1,28.00000,28.00000,29.96000,29.96000,Sales Inventory,Active
9956,Hawaiian Poke Bowl Sign 205409,EACH,EACH,1,8.91000,8.91000,9.55000,9.55000,Sales Inventory,Active
9958,10% Off Dum W/Card,EACH,EACH,1,0.90000,0.90000,0.96000,0.96000,Sales Inventory,Active
9959,Sup Bowl. Valen Static Cling 200097,EACH,EACH,1,24.92000,24.92000,26.67000,26.67000,Sales Inventory,Active
9960,Hot Food Cat Poster 200239,EACH,EACH,1,6.00000,6.00000,6.42000,6.42000,Sales Inventory,Active
9987,UPC Scan Book Full Set,EACH,EACH,1,30.00000,30.00000,45.00000,45.00000,Sales Inventory,Active
9992,Disposable Face Mask 50pcs/box,BOX,BOX,1,25.00000,25.00000,30.45000,30.45000,Sales Inventory,Active
9993,Hair Net for Kitchen,PK,PK,1,31.00000,31.00000,35.53000,35.53000,Sales Inventory,Active
9994,Sanitizer for Kitchen,EACH,EACH,1,10.00000,10.00000,11.17000,11.17000,Sales Inventory,Active
9995,Dish Soap for Kitchen,EACH,EACH,1,4.50000,4.50000,5.08000,5.08000,Sales Inventory,Active
9997,SHIPPING & HANDLING,EACH,EACH,1,6.00000,6.00000,175.00000,175.00000,Sales Inventory,Active
9998,WT Invoice No Tax,EACH,EACH,1,13.00000,13.00000,7.15000,7.15000,Sales Inventory,Active
9999,15% OFF STICKERS,EACH,EACH,1,3.00000,3.00000,3.00000,3.00000,Sales Inventory,Active
